
> frontend@0.1.0 start /app/frontend
> craco start

[dotenv@17.2.3] injecting env (0) from .env -- tip: 🔐 encrypt with Dotenvx: https://dotenvx.com
[dotenv@17.2.3] injecting env (0) from .env -- tip: ⚙️  enable debug logging with { debug: true }
(node:4123) [DEP_WEBPACK_DEV_SERVER_ON_AFTER_SETUP_MIDDLEWARE] DeprecationWarning: 'onAfterSetupMiddleware' option is deprecated. Please use the 'setupMiddlewares' option.
(Use `node --trace-deprecation ...` to show where the warning was created)
(node:4123) [DEP_WEBPACK_DEV_SERVER_ON_BEFORE_SETUP_MIDDLEWARE] DeprecationWarning: 'onBeforeSetupMiddleware' option is deprecated. Please use the 'setupMiddlewares' option.
Starting the development server...

Failed to compile.

Module not found: Error: Can't resolve 'ajv-formats' in '/app/frontend/src/tools'
WARNING in ./node_modules/.pnpm/sql-formatter@15.7.0/node_modules/sql-formatter/dist/esm/allDialects.js
Module Warning (from ./node_modules/.pnpm/source-map-loader@3.0.2_webpack@5.104.1/node_modules/source-map-loader/dist/cjs.js):
Failed to parse source map from '/app/frontend/node_modules/.pnpm/sql-formatter@15.7.0/node_modules/sql-formatter/src/allDialects.ts' file: Error: ENOENT: no such file or directory, open '/app/frontend/node_modules/.pnpm/sql-formatter@15.7.0/node_modules/sql-formatter/src/allDialects.ts'

WARNING in ./node_modules/.pnpm/sql-formatter@15.7.0/node_modules/sql-formatter/dist/esm/dialect.js
Module Warning (from ./node_modules/.pnpm/source-map-loader@3.0.2_webpack@5.104.1/node_modules/source-map-loader/dist/cjs.js):
Failed to parse source map from '/app/frontend/node_modules/.pnpm/sql-formatter@15.7.0/node_modules/sql-formatter/src/dialect.ts' file: Error: ENOENT: no such file or directory, open '/app/frontend/node_modules/.pnpm/sql-formatter@15.7.0/node_modules/sql-formatter/src/dialect.ts'

WARNING in ./node_modules/.pnpm/sql-formatter@15.7.0/node_modules/sql-formatter/dist/esm/expandPhrases.js
Module Warning (from ./node_modules/.pnpm/source-map-loader@3.0.2_webpack@5.104.1/node_modules/source-map-loader/dist/cjs.js):
Failed to parse source map from '/app/frontend/node_modules/.pnpm/sql-formatter@15.7.0/node_modules/sql-formatter/src/expandPhrases.ts' file: Error: ENOENT: no such file or directory, open '/app/frontend/node_modules/.pnpm/sql-formatter@15.7.0/node_modules/sql-formatter/src/expandPhrases.ts'

WARNING in ./node_modules/.pnpm/sql-formatter@15.7.0/node_modules/sql-formatter/dist/esm/formatter/ExpressionFormatter.js
Module Warning (from ./node_modules/.pnpm/source-map-loader@3.0.2_webpack@5.104.1/node_modules/source-map-loader/dist/cjs.js):
Failed to parse source map from '/app/frontend/node_modules/.pnpm/sql-formatter@15.7.0/node_modules/sql-formatter/src/formatter/ExpressionFormatter.ts' file: Error: ENOENT: no such file or directory, open '/app/frontend/node_modules/.pnpm/sql-formatter@15.7.0/node_modules/sql-formatter/src/formatter/ExpressionFormatter.ts'

WARNING in ./node_modules/.pnpm/sql-formatter@15.7.0/node_modules/sql-formatter/dist/esm/formatter/Formatter.js
Module Warning (from ./node_modules/.pnpm/source-map-loader@3.0.2_webpack@5.104.1/node_modules/source-map-loader/dist/cjs.js):
Failed to parse source map from '/app/frontend/node_modules/.pnpm/sql-formatter@15.7.0/node_modules/sql-formatter/src/formatter/Formatter.ts' file: Error: ENOENT: no such file or directory, open '/app/frontend/node_modules/.pnpm/sql-formatter@15.7.0/node_modules/sql-formatter/src/formatter/Formatter.ts'

WARNING in ./node_modules/.pnpm/sql-formatter@15.7.0/node_modules/sql-formatter/dist/esm/formatter/Indentation.js
Module Warning (from ./node_modules/.pnpm/source-map-loader@3.0.2_webpack@5.104.1/node_modules/source-map-loader/dist/cjs.js):
Failed to parse source map from '/app/frontend/node_modules/.pnpm/sql-formatter@15.7.0/node_modules/sql-formatter/src/formatter/Indentation.ts' file: Error: ENOENT: no such file or directory, open '/app/frontend/node_modules/.pnpm/sql-formatter@15.7.0/node_modules/sql-formatter/src/formatter/Indentation.ts'

WARNING in ./node_modules/.pnpm/sql-formatter@15.7.0/node_modules/sql-formatter/dist/esm/formatter/InlineLayout.js
Module Warning (from ./node_modules/.pnpm/source-map-loader@3.0.2_webpack@5.104.1/node_modules/source-map-loader/dist/cjs.js):
Failed to parse source map from '/app/frontend/node_modules/.pnpm/sql-formatter@15.7.0/node_modules/sql-formatter/src/formatter/InlineLayout.ts' file: Error: ENOENT: no such file or directory, open '/app/frontend/node_modules/.pnpm/sql-formatter@15.7.0/node_modules/sql-formatter/src/formatter/InlineLayout.ts'

WARNING in ./node_modules/.pnpm/sql-formatter@15.7.0/node_modules/sql-formatter/dist/esm/formatter/Layout.js
Module Warning (from ./node_modules/.pnpm/source-map-loader@3.0.2_webpack@5.104.1/node_modules/source-map-loader/dist/cjs.js):
Failed to parse source map from '/app/frontend/node_modules/.pnpm/sql-formatter@15.7.0/node_modules/sql-formatter/src/formatter/Layout.ts' file: Error: ENOENT: no such file or directory, open '/app/frontend/node_modules/.pnpm/sql-formatter@15.7.0/node_modules/sql-formatter/src/formatter/Layout.ts'

WARNING in ./node_modules/.pnpm/sql-formatter@15.7.0/node_modules/sql-formatter/dist/esm/formatter/Params.js
Module Warning (from ./node_modules/.pnpm/source-map-loader@3.0.2_webpack@5.104.1/node_modules/source-map-loader/dist/cjs.js):
Failed to parse source map from '/app/frontend/node_modules/.pnpm/sql-formatter@15.7.0/node_modules/sql-formatter/src/formatter/Params.ts' file: Error: ENOENT: no such file or directory, open '/app/frontend/node_modules/.pnpm/sql-formatter@15.7.0/node_modules/sql-formatter/src/formatter/Params.ts'

WARNING in ./node_modules/.pnpm/sql-formatter@15.7.0/node_modules/sql-formatter/dist/esm/formatter/config.js
Module Warning (from ./node_modules/.pnpm/source-map-loader@3.0.2_webpack@5.104.1/node_modules/source-map-loader/dist/cjs.js):
Failed to parse source map from '/app/frontend/node_modules/.pnpm/sql-formatter@15.7.0/node_modules/sql-formatter/src/formatter/config.ts' file: Error: ENOENT: no such file or directory, open '/app/frontend/node_modules/.pnpm/sql-formatter@15.7.0/node_modules/sql-formatter/src/formatter/config.ts'

WARNING in ./node_modules/.pnpm/sql-formatter@15.7.0/node_modules/sql-formatter/dist/esm/formatter/tabularStyle.js
Module Warning (from ./node_modules/.pnpm/source-map-loader@3.0.2_webpack@5.104.1/node_modules/source-map-loader/dist/cjs.js):
Failed to parse source map from '/app/frontend/node_modules/.pnpm/sql-formatter@15.7.0/node_modules/sql-formatter/src/formatter/tabularStyle.ts' file: Error: ENOENT: no such file or directory, open '/app/frontend/node_modules/.pnpm/sql-formatter@15.7.0/node_modules/sql-formatter/src/formatter/tabularStyle.ts'

WARNING in ./node_modules/.pnpm/sql-formatter@15.7.0/node_modules/sql-formatter/dist/esm/index.js
Module Warning (from ./node_modules/.pnpm/source-map-loader@3.0.2_webpack@5.104.1/node_modules/source-map-loader/dist/cjs.js):
Failed to parse source map from '/app/frontend/node_modules/.pnpm/sql-formatter@15.7.0/node_modules/sql-formatter/src/index.ts' file: Error: ENOENT: no such file or directory, open '/app/frontend/node_modules/.pnpm/sql-formatter@15.7.0/node_modules/sql-formatter/src/index.ts'

WARNING in ./node_modules/.pnpm/sql-formatter@15.7.0/node_modules/sql-formatter/dist/esm/languages/bigquery/bigquery.formatter.js
Module Warning (from ./node_modules/.pnpm/source-map-loader@3.0.2_webpack@5.104.1/node_modules/source-map-loader/dist/cjs.js):
Failed to parse source map from '/app/frontend/node_modules/.pnpm/sql-formatter@15.7.0/node_modules/sql-formatter/src/languages/bigquery/bigquery.formatter.ts' file: Error: ENOENT: no such file or directory, open '/app/frontend/node_modules/.pnpm/sql-formatter@15.7.0/node_modules/sql-formatter/src/languages/bigquery/bigquery.formatter.ts'

WARNING in ./node_modules/.pnpm/sql-formatter@15.7.0/node_modules/sql-formatter/dist/esm/languages/bigquery/bigquery.functions.js
Module Warning (from ./node_modules/.pnpm/source-map-loader@3.0.2_webpack@5.104.1/node_modules/source-map-loader/dist/cjs.js):
Failed to parse source map from '/app/frontend/node_modules/.pnpm/sql-formatter@15.7.0/node_modules/sql-formatter/src/languages/bigquery/bigquery.functions.ts' file: Error: ENOENT: no such file or directory, open '/app/frontend/node_modules/.pnpm/sql-formatter@15.7.0/node_modules/sql-formatter/src/languages/bigquery/bigquery.functions.ts'

WARNING in ./node_modules/.pnpm/sql-formatter@15.7.0/node_modules/sql-formatter/dist/esm/languages/bigquery/bigquery.keywords.js
Module Warning (from ./node_modules/.pnpm/source-map-loader@3.0.2_webpack@5.104.1/node_modules/source-map-loader/dist/cjs.js):
Failed to parse source map from '/app/frontend/node_modules/.pnpm/sql-formatter@15.7.0/node_modules/sql-formatter/src/languages/bigquery/bigquery.keywords.ts' file: Error: ENOENT: no such file or directory, open '/app/frontend/node_modules/.pnpm/sql-formatter@15.7.0/node_modules/sql-formatter/src/languages/bigquery/bigquery.keywords.ts'

WARNING in ./node_modules/.pnpm/sql-formatter@15.7.0/node_modules/sql-formatter/dist/esm/languages/clickhouse/clickhouse.formatter.js
Module Warning (from ./node_modules/.pnpm/source-map-loader@3.0.2_webpack@5.104.1/node_modules/source-map-loader/dist/cjs.js):
Failed to parse source map from '/app/frontend/node_modules/.pnpm/sql-formatter@15.7.0/node_modules/sql-formatter/src/languages/clickhouse/clickhouse.formatter.ts' file: Error: ENOENT: no such file or directory, open '/app/frontend/node_modules/.pnpm/sql-formatter@15.7.0/node_modules/sql-formatter/src/languages/clickhouse/clickhouse.formatter.ts'

WARNING in ./node_modules/.pnpm/sql-formatter@15.7.0/node_modules/sql-formatter/dist/esm/languages/clickhouse/clickhouse.functions.js
Module Warning (from ./node_modules/.pnpm/source-map-loader@3.0.2_webpack@5.104.1/node_modules/source-map-loader/dist/cjs.js):
Failed to parse source map from '/app/frontend/node_modules/.pnpm/sql-formatter@15.7.0/node_modules/sql-formatter/src/languages/clickhouse/clickhouse.functions.ts' file: Error: ENOENT: no such file or directory, open '/app/frontend/node_modules/.pnpm/sql-formatter@15.7.0/node_modules/sql-formatter/src/languages/clickhouse/clickhouse.functions.ts'

WARNING in ./node_modules/.pnpm/sql-formatter@15.7.0/node_modules/sql-formatter/dist/esm/languages/clickhouse/clickhouse.keywords.js
Module Warning (from ./node_modules/.pnpm/source-map-loader@3.0.2_webpack@5.104.1/node_modules/source-map-loader/dist/cjs.js):
Failed to parse source map from '/app/frontend/node_modules/.pnpm/sql-formatter@15.7.0/node_modules/sql-formatter/src/languages/clickhouse/clickhouse.keywords.ts' file: Error: ENOENT: no such file or directory, open '/app/frontend/node_modules/.pnpm/sql-formatter@15.7.0/node_modules/sql-formatter/src/languages/clickhouse/clickhouse.keywords.ts'

WARNING in ./node_modules/.pnpm/sql-formatter@15.7.0/node_modules/sql-formatter/dist/esm/languages/db2/db2.formatter.js
Module Warning (from ./node_modules/.pnpm/source-map-loader@3.0.2_webpack@5.104.1/node_modules/source-map-loader/dist/cjs.js):
Failed to parse source map from '/app/frontend/node_modules/.pnpm/sql-formatter@15.7.0/node_modules/sql-formatter/src/languages/db2/db2.formatter.ts' file: Error: ENOENT: no such file or directory, open '/app/frontend/node_modules/.pnpm/sql-formatter@15.7.0/node_modules/sql-formatter/src/languages/db2/db2.formatter.ts'

WARNING in ./node_modules/.pnpm/sql-formatter@15.7.0/node_modules/sql-formatter/dist/esm/languages/db2/db2.functions.js
Module Warning (from ./node_modules/.pnpm/source-map-loader@3.0.2_webpack@5.104.1/node_modules/source-map-loader/dist/cjs.js):
Failed to parse source map from '/app/frontend/node_modules/.pnpm/sql-formatter@15.7.0/node_modules/sql-formatter/src/languages/db2/db2.functions.ts' file: Error: ENOENT: no such file or directory, open '/app/frontend/node_modules/.pnpm/sql-formatter@15.7.0/node_modules/sql-formatter/src/languages/db2/db2.functions.ts'

WARNING in ./node_modules/.pnpm/sql-formatter@15.7.0/node_modules/sql-formatter/dist/esm/languages/db2/db2.keywords.js
Module Warning (from ./node_modules/.pnpm/source-map-loader@3.0.2_webpack@5.104.1/node_modules/source-map-loader/dist/cjs.js):
Failed to parse source map from '/app/frontend/node_modules/.pnpm/sql-formatter@15.7.0/node_modules/sql-formatter/src/languages/db2/db2.keywords.ts' file: Error: ENOENT: no such file or directory, open '/app/frontend/node_modules/.pnpm/sql-formatter@15.7.0/node_modules/sql-formatter/src/languages/db2/db2.keywords.ts'

WARNING in ./node_modules/.pnpm/sql-formatter@15.7.0/node_modules/sql-formatter/dist/esm/languages/db2i/db2i.formatter.js
Module Warning (from ./node_modules/.pnpm/source-map-loader@3.0.2_webpack@5.104.1/node_modules/source-map-loader/dist/cjs.js):
Failed to parse source map from '/app/frontend/node_modules/.pnpm/sql-formatter@15.7.0/node_modules/sql-formatter/src/languages/db2i/db2i.formatter.ts' file: Error: ENOENT: no such file or directory, open '/app/frontend/node_modules/.pnpm/sql-formatter@15.7.0/node_modules/sql-formatter/src/languages/db2i/db2i.formatter.ts'

WARNING in ./node_modules/.pnpm/sql-formatter@15.7.0/node_modules/sql-formatter/dist/esm/languages/db2i/db2i.functions.js
Module Warning (from ./node_modules/.pnpm/source-map-loader@3.0.2_webpack@5.104.1/node_modules/source-map-loader/dist/cjs.js):
Failed to parse source map from '/app/frontend/node_modules/.pnpm/sql-formatter@15.7.0/node_modules/sql-formatter/src/languages/db2i/db2i.functions.ts' file: Error: ENOENT: no such file or directory, open '/app/frontend/node_modules/.pnpm/sql-formatter@15.7.0/node_modules/sql-formatter/src/languages/db2i/db2i.functions.ts'

WARNING in ./node_modules/.pnpm/sql-formatter@15.7.0/node_modules/sql-formatter/dist/esm/languages/db2i/db2i.keywords.js
Module Warning (from ./node_modules/.pnpm/source-map-loader@3.0.2_webpack@5.104.1/node_modules/source-map-loader/dist/cjs.js):
Failed to parse source map from '/app/frontend/node_modules/.pnpm/sql-formatter@15.7.0/node_modules/sql-formatter/src/languages/db2i/db2i.keywords.ts' file: Error: ENOENT: no such file or directory, open '/app/frontend/node_modules/.pnpm/sql-formatter@15.7.0/node_modules/sql-formatter/src/languages/db2i/db2i.keywords.ts'

WARNING in ./node_modules/.pnpm/sql-formatter@15.7.0/node_modules/sql-formatter/dist/esm/languages/duckdb/duckdb.formatter.js
Module Warning (from ./node_modules/.pnpm/source-map-loader@3.0.2_webpack@5.104.1/node_modules/source-map-loader/dist/cjs.js):
Failed to parse source map from '/app/frontend/node_modules/.pnpm/sql-formatter@15.7.0/node_modules/sql-formatter/src/languages/duckdb/duckdb.formatter.ts' file: Error: ENOENT: no such file or directory, open '/app/frontend/node_modules/.pnpm/sql-formatter@15.7.0/node_modules/sql-formatter/src/languages/duckdb/duckdb.formatter.ts'

WARNING in ./node_modules/.pnpm/sql-formatter@15.7.0/node_modules/sql-formatter/dist/esm/languages/duckdb/duckdb.functions.js
Module Warning (from ./node_modules/.pnpm/source-map-loader@3.0.2_webpack@5.104.1/node_modules/source-map-loader/dist/cjs.js):
Failed to parse source map from '/app/frontend/node_modules/.pnpm/sql-formatter@15.7.0/node_modules/sql-formatter/src/languages/duckdb/duckdb.functions.ts' file: Error: ENOENT: no such file or directory, open '/app/frontend/node_modules/.pnpm/sql-formatter@15.7.0/node_modules/sql-formatter/src/languages/duckdb/duckdb.functions.ts'

WARNING in ./node_modules/.pnpm/sql-formatter@15.7.0/node_modules/sql-formatter/dist/esm/languages/duckdb/duckdb.keywords.js
Module Warning (from ./node_modules/.pnpm/source-map-loader@3.0.2_webpack@5.104.1/node_modules/source-map-loader/dist/cjs.js):
Failed to parse source map from '/app/frontend/node_modules/.pnpm/sql-formatter@15.7.0/node_modules/sql-formatter/src/languages/duckdb/duckdb.keywords.ts' file: Error: ENOENT: no such file or directory, open '/app/frontend/node_modules/.pnpm/sql-formatter@15.7.0/node_modules/sql-formatter/src/languages/duckdb/duckdb.keywords.ts'

WARNING in ./node_modules/.pnpm/sql-formatter@15.7.0/node_modules/sql-formatter/dist/esm/languages/hive/hive.formatter.js
Module Warning (from ./node_modules/.pnpm/source-map-loader@3.0.2_webpack@5.104.1/node_modules/source-map-loader/dist/cjs.js):
Failed to parse source map from '/app/frontend/node_modules/.pnpm/sql-formatter@15.7.0/node_modules/sql-formatter/src/languages/hive/hive.formatter.ts' file: Error: ENOENT: no such file or directory, open '/app/frontend/node_modules/.pnpm/sql-formatter@15.7.0/node_modules/sql-formatter/src/languages/hive/hive.formatter.ts'

WARNING in ./node_modules/.pnpm/sql-formatter@15.7.0/node_modules/sql-formatter/dist/esm/languages/hive/hive.functions.js
Module Warning (from ./node_modules/.pnpm/source-map-loader@3.0.2_webpack@5.104.1/node_modules/source-map-loader/dist/cjs.js):
Failed to parse source map from '/app/frontend/node_modules/.pnpm/sql-formatter@15.7.0/node_modules/sql-formatter/src/languages/hive/hive.functions.ts' file: Error: ENOENT: no such file or directory, open '/app/frontend/node_modules/.pnpm/sql-formatter@15.7.0/node_modules/sql-formatter/src/languages/hive/hive.functions.ts'

WARNING in ./node_modules/.pnpm/sql-formatter@15.7.0/node_modules/sql-formatter/dist/esm/languages/hive/hive.keywords.js
Module Warning (from ./node_modules/.pnpm/source-map-loader@3.0.2_webpack@5.104.1/node_modules/source-map-loader/dist/cjs.js):
Failed to parse source map from '/app/frontend/node_modules/.pnpm/sql-formatter@15.7.0/node_modules/sql-formatter/src/languages/hive/hive.keywords.ts' file: Error: ENOENT: no such file or directory, open '/app/frontend/node_modules/.pnpm/sql-formatter@15.7.0/node_modules/sql-formatter/src/languages/hive/hive.keywords.ts'

WARNING in ./node_modules/.pnpm/sql-formatter@15.7.0/node_modules/sql-formatter/dist/esm/languages/mariadb/likeMariaDb.js
Module Warning (from ./node_modules/.pnpm/source-map-loader@3.0.2_webpack@5.104.1/node_modules/source-map-loader/dist/cjs.js):
Failed to parse source map from '/app/frontend/node_modules/.pnpm/sql-formatter@15.7.0/node_modules/sql-formatter/src/languages/mariadb/likeMariaDb.ts' file: Error: ENOENT: no such file or directory, open '/app/frontend/node_modules/.pnpm/sql-formatter@15.7.0/node_modules/sql-formatter/src/languages/mariadb/likeMariaDb.ts'

WARNING in ./node_modules/.pnpm/sql-formatter@15.7.0/node_modules/sql-formatter/dist/esm/languages/mariadb/mariadb.formatter.js
Module Warning (from ./node_modules/.pnpm/source-map-loader@3.0.2_webpack@5.104.1/node_modules/source-map-loader/dist/cjs.js):
Failed to parse source map from '/app/frontend/node_modules/.pnpm/sql-formatter@15.7.0/node_modules/sql-formatter/src/languages/mariadb/mariadb.formatter.ts' file: Error: ENOENT: no such file or directory, open '/app/frontend/node_modules/.pnpm/sql-formatter@15.7.0/node_modules/sql-formatter/src/languages/mariadb/mariadb.formatter.ts'

WARNING in ./node_modules/.pnpm/sql-formatter@15.7.0/node_modules/sql-formatter/dist/esm/languages/mariadb/mariadb.functions.js
Module Warning (from ./node_modules/.pnpm/source-map-loader@3.0.2_webpack@5.104.1/node_modules/source-map-loader/dist/cjs.js):
Failed to parse source map from '/app/frontend/node_modules/.pnpm/sql-formatter@15.7.0/node_modules/sql-formatter/src/languages/mariadb/mariadb.functions.ts' file: Error: ENOENT: no such file or directory, open '/app/frontend/node_modules/.pnpm/sql-formatter@15.7.0/node_modules/sql-formatter/src/languages/mariadb/mariadb.functions.ts'

WARNING in ./node_modules/.pnpm/sql-formatter@15.7.0/node_modules/sql-formatter/dist/esm/languages/mariadb/mariadb.keywords.js
Module Warning (from ./node_modules/.pnpm/source-map-loader@3.0.2_webpack@5.104.1/node_modules/source-map-loader/dist/cjs.js):
Failed to parse source map from '/app/frontend/node_modules/.pnpm/sql-formatter@15.7.0/node_modules/sql-formatter/src/languages/mariadb/mariadb.keywords.ts' file: Error: ENOENT: no such file or directory, open '/app/frontend/node_modules/.pnpm/sql-formatter@15.7.0/node_modules/sql-formatter/src/languages/mariadb/mariadb.keywords.ts'

WARNING in ./node_modules/.pnpm/sql-formatter@15.7.0/node_modules/sql-formatter/dist/esm/languages/mysql/mysql.formatter.js
Module Warning (from ./node_modules/.pnpm/source-map-loader@3.0.2_webpack@5.104.1/node_modules/source-map-loader/dist/cjs.js):
Failed to parse source map from '/app/frontend/node_modules/.pnpm/sql-formatter@15.7.0/node_modules/sql-formatter/src/languages/mysql/mysql.formatter.ts' file: Error: ENOENT: no such file or directory, open '/app/frontend/node_modules/.pnpm/sql-formatter@15.7.0/node_modules/sql-formatter/src/languages/mysql/mysql.formatter.ts'

WARNING in ./node_modules/.pnpm/sql-formatter@15.7.0/node_modules/sql-formatter/dist/esm/languages/mysql/mysql.functions.js
Module Warning (from ./node_modules/.pnpm/source-map-loader@3.0.2_webpack@5.104.1/node_modules/source-map-loader/dist/cjs.js):
Failed to parse source map from '/app/frontend/node_modules/.pnpm/sql-formatter@15.7.0/node_modules/sql-formatter/src/languages/mysql/mysql.functions.ts' file: Error: ENOENT: no such file or directory, open '/app/frontend/node_modules/.pnpm/sql-formatter@15.7.0/node_modules/sql-formatter/src/languages/mysql/mysql.functions.ts'

WARNING in ./node_modules/.pnpm/sql-formatter@15.7.0/node_modules/sql-formatter/dist/esm/languages/mysql/mysql.keywords.js
Module Warning (from ./node_modules/.pnpm/source-map-loader@3.0.2_webpack@5.104.1/node_modules/source-map-loader/dist/cjs.js):
Failed to parse source map from '/app/frontend/node_modules/.pnpm/sql-formatter@15.7.0/node_modules/sql-formatter/src/languages/mysql/mysql.keywords.ts' file: Error: ENOENT: no such file or directory, open '/app/frontend/node_modules/.pnpm/sql-formatter@15.7.0/node_modules/sql-formatter/src/languages/mysql/mysql.keywords.ts'

WARNING in ./node_modules/.pnpm/sql-formatter@15.7.0/node_modules/sql-formatter/dist/esm/languages/n1ql/n1ql.formatter.js
Module Warning (from ./node_modules/.pnpm/source-map-loader@3.0.2_webpack@5.104.1/node_modules/source-map-loader/dist/cjs.js):
Failed to parse source map from '/app/frontend/node_modules/.pnpm/sql-formatter@15.7.0/node_modules/sql-formatter/src/languages/n1ql/n1ql.formatter.ts' file: Error: ENOENT: no such file or directory, open '/app/frontend/node_modules/.pnpm/sql-formatter@15.7.0/node_modules/sql-formatter/src/languages/n1ql/n1ql.formatter.ts'

WARNING in ./node_modules/.pnpm/sql-formatter@15.7.0/node_modules/sql-formatter/dist/esm/languages/n1ql/n1ql.functions.js
Module Warning (from ./node_modules/.pnpm/source-map-loader@3.0.2_webpack@5.104.1/node_modules/source-map-loader/dist/cjs.js):
Failed to parse source map from '/app/frontend/node_modules/.pnpm/sql-formatter@15.7.0/node_modules/sql-formatter/src/languages/n1ql/n1ql.functions.ts' file: Error: ENOENT: no such file or directory, open '/app/frontend/node_modules/.pnpm/sql-formatter@15.7.0/node_modules/sql-formatter/src/languages/n1ql/n1ql.functions.ts'

WARNING in ./node_modules/.pnpm/sql-formatter@15.7.0/node_modules/sql-formatter/dist/esm/languages/n1ql/n1ql.keywords.js
Module Warning (from ./node_modules/.pnpm/source-map-loader@3.0.2_webpack@5.104.1/node_modules/source-map-loader/dist/cjs.js):
Failed to parse source map from '/app/frontend/node_modules/.pnpm/sql-formatter@15.7.0/node_modules/sql-formatter/src/languages/n1ql/n1ql.keywords.ts' file: Error: ENOENT: no such file or directory, open '/app/frontend/node_modules/.pnpm/sql-formatter@15.7.0/node_modules/sql-formatter/src/languages/n1ql/n1ql.keywords.ts'

WARNING in ./node_modules/.pnpm/sql-formatter@15.7.0/node_modules/sql-formatter/dist/esm/languages/plsql/plsql.formatter.js
Module Warning (from ./node_modules/.pnpm/source-map-loader@3.0.2_webpack@5.104.1/node_modules/source-map-loader/dist/cjs.js):
Failed to parse source map from '/app/frontend/node_modules/.pnpm/sql-formatter@15.7.0/node_modules/sql-formatter/src/languages/plsql/plsql.formatter.ts' file: Error: ENOENT: no such file or directory, open '/app/frontend/node_modules/.pnpm/sql-formatter@15.7.0/node_modules/sql-formatter/src/languages/plsql/plsql.formatter.ts'

WARNING in ./node_modules/.pnpm/sql-formatter@15.7.0/node_modules/sql-formatter/dist/esm/languages/plsql/plsql.functions.js
Module Warning (from ./node_modules/.pnpm/source-map-loader@3.0.2_webpack@5.104.1/node_modules/source-map-loader/dist/cjs.js):
Failed to parse source map from '/app/frontend/node_modules/.pnpm/sql-formatter@15.7.0/node_modules/sql-formatter/src/languages/plsql/plsql.functions.ts' file: Error: ENOENT: no such file or directory, open '/app/frontend/node_modules/.pnpm/sql-formatter@15.7.0/node_modules/sql-formatter/src/languages/plsql/plsql.functions.ts'

WARNING in ./node_modules/.pnpm/sql-formatter@15.7.0/node_modules/sql-formatter/dist/esm/languages/plsql/plsql.keywords.js
Module Warning (from ./node_modules/.pnpm/source-map-loader@3.0.2_webpack@5.104.1/node_modules/source-map-loader/dist/cjs.js):
Failed to parse source map from '/app/frontend/node_modules/.pnpm/sql-formatter@15.7.0/node_modules/sql-formatter/src/languages/plsql/plsql.keywords.ts' file: Error: ENOENT: no such file or directory, open '/app/frontend/node_modules/.pnpm/sql-formatter@15.7.0/node_modules/sql-formatter/src/languages/plsql/plsql.keywords.ts'

WARNING in ./node_modules/.pnpm/sql-formatter@15.7.0/node_modules/sql-formatter/dist/esm/languages/postgresql/postgresql.formatter.js
Module Warning (from ./node_modules/.pnpm/source-map-loader@3.0.2_webpack@5.104.1/node_modules/source-map-loader/dist/cjs.js):
Failed to parse source map from '/app/frontend/node_modules/.pnpm/sql-formatter@15.7.0/node_modules/sql-formatter/src/languages/postgresql/postgresql.formatter.ts' file: Error: ENOENT: no such file or directory, open '/app/frontend/node_modules/.pnpm/sql-formatter@15.7.0/node_modules/sql-formatter/src/languages/postgresql/postgresql.formatter.ts'

WARNING in ./node_modules/.pnpm/sql-formatter@15.7.0/node_modules/sql-formatter/dist/esm/languages/postgresql/postgresql.functions.js
Module Warning (from ./node_modules/.pnpm/source-map-loader@3.0.2_webpack@5.104.1/node_modules/source-map-loader/dist/cjs.js):
Failed to parse source map from '/app/frontend/node_modules/.pnpm/sql-formatter@15.7.0/node_modules/sql-formatter/src/languages/postgresql/postgresql.functions.ts' file: Error: ENOENT: no such file or directory, open '/app/frontend/node_modules/.pnpm/sql-formatter@15.7.0/node_modules/sql-formatter/src/languages/postgresql/postgresql.functions.ts'

WARNING in ./node_modules/.pnpm/sql-formatter@15.7.0/node_modules/sql-formatter/dist/esm/languages/postgresql/postgresql.keywords.js
Module Warning (from ./node_modules/.pnpm/source-map-loader@3.0.2_webpack@5.104.1/node_modules/source-map-loader/dist/cjs.js):
Failed to parse source map from '/app/frontend/node_modules/.pnpm/sql-formatter@15.7.0/node_modules/sql-formatter/src/languages/postgresql/postgresql.keywords.ts' file: Error: ENOENT: no such file or directory, open '/app/frontend/node_modules/.pnpm/sql-formatter@15.7.0/node_modules/sql-formatter/src/languages/postgresql/postgresql.keywords.ts'

WARNING in ./node_modules/.pnpm/sql-formatter@15.7.0/node_modules/sql-formatter/dist/esm/languages/redshift/redshift.formatter.js
Module Warning (from ./node_modules/.pnpm/source-map-loader@3.0.2_webpack@5.104.1/node_modules/source-map-loader/dist/cjs.js):
Failed to parse source map from '/app/frontend/node_modules/.pnpm/sql-formatter@15.7.0/node_modules/sql-formatter/src/languages/redshift/redshift.formatter.ts' file: Error: ENOENT: no such file or directory, open '/app/frontend/node_modules/.pnpm/sql-formatter@15.7.0/node_modules/sql-formatter/src/languages/redshift/redshift.formatter.ts'

WARNING in ./node_modules/.pnpm/sql-formatter@15.7.0/node_modules/sql-formatter/dist/esm/languages/redshift/redshift.functions.js
Module Warning (from ./node_modules/.pnpm/source-map-loader@3.0.2_webpack@5.104.1/node_modules/source-map-loader/dist/cjs.js):
Failed to parse source map from '/app/frontend/node_modules/.pnpm/sql-formatter@15.7.0/node_modules/sql-formatter/src/languages/redshift/redshift.functions.ts' file: Error: ENOENT: no such file or directory, open '/app/frontend/node_modules/.pnpm/sql-formatter@15.7.0/node_modules/sql-formatter/src/languages/redshift/redshift.functions.ts'

WARNING in ./node_modules/.pnpm/sql-formatter@15.7.0/node_modules/sql-formatter/dist/esm/languages/redshift/redshift.keywords.js
Module Warning (from ./node_modules/.pnpm/source-map-loader@3.0.2_webpack@5.104.1/node_modules/source-map-loader/dist/cjs.js):
Failed to parse source map from '/app/frontend/node_modules/.pnpm/sql-formatter@15.7.0/node_modules/sql-formatter/src/languages/redshift/redshift.keywords.ts' file: Error: ENOENT: no such file or directory, open '/app/frontend/node_modules/.pnpm/sql-formatter@15.7.0/node_modules/sql-formatter/src/languages/redshift/redshift.keywords.ts'

WARNING in ./node_modules/.pnpm/sql-formatter@15.7.0/node_modules/sql-formatter/dist/esm/languages/singlestoredb/singlestoredb.formatter.js
Module Warning (from ./node_modules/.pnpm/source-map-loader@3.0.2_webpack@5.104.1/node_modules/source-map-loader/dist/cjs.js):
Failed to parse source map from '/app/frontend/node_modules/.pnpm/sql-formatter@15.7.0/node_modules/sql-formatter/src/languages/singlestoredb/singlestoredb.formatter.ts' file: Error: ENOENT: no such file or directory, open '/app/frontend/node_modules/.pnpm/sql-formatter@15.7.0/node_modules/sql-formatter/src/languages/singlestoredb/singlestoredb.formatter.ts'

WARNING in ./node_modules/.pnpm/sql-formatter@15.7.0/node_modules/sql-formatter/dist/esm/languages/singlestoredb/singlestoredb.functions.js
Module Warning (from ./node_modules/.pnpm/source-map-loader@3.0.2_webpack@5.104.1/node_modules/source-map-loader/dist/cjs.js):
Failed to parse source map from '/app/frontend/node_modules/.pnpm/sql-formatter@15.7.0/node_modules/sql-formatter/src/languages/singlestoredb/singlestoredb.functions.ts' file: Error: ENOENT: no such file or directory, open '/app/frontend/node_modules/.pnpm/sql-formatter@15.7.0/node_modules/sql-formatter/src/languages/singlestoredb/singlestoredb.functions.ts'

WARNING in ./node_modules/.pnpm/sql-formatter@15.7.0/node_modules/sql-formatter/dist/esm/languages/singlestoredb/singlestoredb.keywords.js
Module Warning (from ./node_modules/.pnpm/source-map-loader@3.0.2_webpack@5.104.1/node_modules/source-map-loader/dist/cjs.js):
Failed to parse source map from '/app/frontend/node_modules/.pnpm/sql-formatter@15.7.0/node_modules/sql-formatter/src/languages/singlestoredb/singlestoredb.keywords.ts' file: Error: ENOENT: no such file or directory, open '/app/frontend/node_modules/.pnpm/sql-formatter@15.7.0/node_modules/sql-formatter/src/languages/singlestoredb/singlestoredb.keywords.ts'

WARNING in ./node_modules/.pnpm/sql-formatter@15.7.0/node_modules/sql-formatter/dist/esm/languages/snowflake/snowflake.formatter.js
Module Warning (from ./node_modules/.pnpm/source-map-loader@3.0.2_webpack@5.104.1/node_modules/source-map-loader/dist/cjs.js):
Failed to parse source map from '/app/frontend/node_modules/.pnpm/sql-formatter@15.7.0/node_modules/sql-formatter/src/languages/snowflake/snowflake.formatter.ts' file: Error: ENOENT: no such file or directory, open '/app/frontend/node_modules/.pnpm/sql-formatter@15.7.0/node_modules/sql-formatter/src/languages/snowflake/snowflake.formatter.ts'

WARNING in ./node_modules/.pnpm/sql-formatter@15.7.0/node_modules/sql-formatter/dist/esm/languages/snowflake/snowflake.functions.js
Module Warning (from ./node_modules/.pnpm/source-map-loader@3.0.2_webpack@5.104.1/node_modules/source-map-loader/dist/cjs.js):
Failed to parse source map from '/app/frontend/node_modules/.pnpm/sql-formatter@15.7.0/node_modules/sql-formatter/src/languages/snowflake/snowflake.functions.ts' file: Error: ENOENT: no such file or directory, open '/app/frontend/node_modules/.pnpm/sql-formatter@15.7.0/node_modules/sql-formatter/src/languages/snowflake/snowflake.functions.ts'

WARNING in ./node_modules/.pnpm/sql-formatter@15.7.0/node_modules/sql-formatter/dist/esm/languages/snowflake/snowflake.keywords.js
Module Warning (from ./node_modules/.pnpm/source-map-loader@3.0.2_webpack@5.104.1/node_modules/source-map-loader/dist/cjs.js):
Failed to parse source map from '/app/frontend/node_modules/.pnpm/sql-formatter@15.7.0/node_modules/sql-formatter/src/languages/snowflake/snowflake.keywords.ts' file: Error: ENOENT: no such file or directory, open '/app/frontend/node_modules/.pnpm/sql-formatter@15.7.0/node_modules/sql-formatter/src/languages/snowflake/snowflake.keywords.ts'

WARNING in ./node_modules/.pnpm/sql-formatter@15.7.0/node_modules/sql-formatter/dist/esm/languages/spark/spark.formatter.js
Module Warning (from ./node_modules/.pnpm/source-map-loader@3.0.2_webpack@5.104.1/node_modules/source-map-loader/dist/cjs.js):
Failed to parse source map from '/app/frontend/node_modules/.pnpm/sql-formatter@15.7.0/node_modules/sql-formatter/src/languages/spark/spark.formatter.ts' file: Error: ENOENT: no such file or directory, open '/app/frontend/node_modules/.pnpm/sql-formatter@15.7.0/node_modules/sql-formatter/src/languages/spark/spark.formatter.ts'

WARNING in ./node_modules/.pnpm/sql-formatter@15.7.0/node_modules/sql-formatter/dist/esm/languages/spark/spark.functions.js
Module Warning (from ./node_modules/.pnpm/source-map-loader@3.0.2_webpack@5.104.1/node_modules/source-map-loader/dist/cjs.js):
Failed to parse source map from '/app/frontend/node_modules/.pnpm/sql-formatter@15.7.0/node_modules/sql-formatter/src/languages/spark/spark.functions.ts' file: Error: ENOENT: no such file or directory, open '/app/frontend/node_modules/.pnpm/sql-formatter@15.7.0/node_modules/sql-formatter/src/languages/spark/spark.functions.ts'

WARNING in ./node_modules/.pnpm/sql-formatter@15.7.0/node_modules/sql-formatter/dist/esm/languages/spark/spark.keywords.js
Module Warning (from ./node_modules/.pnpm/source-map-loader@3.0.2_webpack@5.104.1/node_modules/source-map-loader/dist/cjs.js):
Failed to parse source map from '/app/frontend/node_modules/.pnpm/sql-formatter@15.7.0/node_modules/sql-formatter/src/languages/spark/spark.keywords.ts' file: Error: ENOENT: no such file or directory, open '/app/frontend/node_modules/.pnpm/sql-formatter@15.7.0/node_modules/sql-formatter/src/languages/spark/spark.keywords.ts'

WARNING in ./node_modules/.pnpm/sql-formatter@15.7.0/node_modules/sql-formatter/dist/esm/languages/sql/sql.formatter.js
Module Warning (from ./node_modules/.pnpm/source-map-loader@3.0.2_webpack@5.104.1/node_modules/source-map-loader/dist/cjs.js):
Failed to parse source map from '/app/frontend/node_modules/.pnpm/sql-formatter@15.7.0/node_modules/sql-formatter/src/languages/sql/sql.formatter.ts' file: Error: ENOENT: no such file or directory, open '/app/frontend/node_modules/.pnpm/sql-formatter@15.7.0/node_modules/sql-formatter/src/languages/sql/sql.formatter.ts'

WARNING in ./node_modules/.pnpm/sql-formatter@15.7.0/node_modules/sql-formatter/dist/esm/languages/sql/sql.functions.js
Module Warning (from ./node_modules/.pnpm/source-map-loader@3.0.2_webpack@5.104.1/node_modules/source-map-loader/dist/cjs.js):
Failed to parse source map from '/app/frontend/node_modules/.pnpm/sql-formatter@15.7.0/node_modules/sql-formatter/src/languages/sql/sql.functions.ts' file: Error: ENOENT: no such file or directory, open '/app/frontend/node_modules/.pnpm/sql-formatter@15.7.0/node_modules/sql-formatter/src/languages/sql/sql.functions.ts'

WARNING in ./node_modules/.pnpm/sql-formatter@15.7.0/node_modules/sql-formatter/dist/esm/languages/sql/sql.keywords.js
Module Warning (from ./node_modules/.pnpm/source-map-loader@3.0.2_webpack@5.104.1/node_modules/source-map-loader/dist/cjs.js):
Failed to parse source map from '/app/frontend/node_modules/.pnpm/sql-formatter@15.7.0/node_modules/sql-formatter/src/languages/sql/sql.keywords.ts' file: Error: ENOENT: no such file or directory, open '/app/frontend/node_modules/.pnpm/sql-formatter@15.7.0/node_modules/sql-formatter/src/languages/sql/sql.keywords.ts'

WARNING in ./node_modules/.pnpm/sql-formatter@15.7.0/node_modules/sql-formatter/dist/esm/languages/sqlite/sqlite.formatter.js
Module Warning (from ./node_modules/.pnpm/source-map-loader@3.0.2_webpack@5.104.1/node_modules/source-map-loader/dist/cjs.js):
Failed to parse source map from '/app/frontend/node_modules/.pnpm/sql-formatter@15.7.0/node_modules/sql-formatter/src/languages/sqlite/sqlite.formatter.ts' file: Error: ENOENT: no such file or directory, open '/app/frontend/node_modules/.pnpm/sql-formatter@15.7.0/node_modules/sql-formatter/src/languages/sqlite/sqlite.formatter.ts'

WARNING in ./node_modules/.pnpm/sql-formatter@15.7.0/node_modules/sql-formatter/dist/esm/languages/sqlite/sqlite.functions.js
Module Warning (from ./node_modules/.pnpm/source-map-loader@3.0.2_webpack@5.104.1/node_modules/source-map-loader/dist/cjs.js):
Failed to parse source map from '/app/frontend/node_modules/.pnpm/sql-formatter@15.7.0/node_modules/sql-formatter/src/languages/sqlite/sqlite.functions.ts' file: Error: ENOENT: no such file or directory, open '/app/frontend/node_modules/.pnpm/sql-formatter@15.7.0/node_modules/sql-formatter/src/languages/sqlite/sqlite.functions.ts'

WARNING in ./node_modules/.pnpm/sql-formatter@15.7.0/node_modules/sql-formatter/dist/esm/languages/sqlite/sqlite.keywords.js
Module Warning (from ./node_modules/.pnpm/source-map-loader@3.0.2_webpack@5.104.1/node_modules/source-map-loader/dist/cjs.js):
Failed to parse source map from '/app/frontend/node_modules/.pnpm/sql-formatter@15.7.0/node_modules/sql-formatter/src/languages/sqlite/sqlite.keywords.ts' file: Error: ENOENT: no such file or directory, open '/app/frontend/node_modules/.pnpm/sql-formatter@15.7.0/node_modules/sql-formatter/src/languages/sqlite/sqlite.keywords.ts'

WARNING in ./node_modules/.pnpm/sql-formatter@15.7.0/node_modules/sql-formatter/dist/esm/languages/tidb/tidb.formatter.js
Module Warning (from ./node_modules/.pnpm/source-map-loader@3.0.2_webpack@5.104.1/node_modules/source-map-loader/dist/cjs.js):
Failed to parse source map from '/app/frontend/node_modules/.pnpm/sql-formatter@15.7.0/node_modules/sql-formatter/src/languages/tidb/tidb.formatter.ts' file: Error: ENOENT: no such file or directory, open '/app/frontend/node_modules/.pnpm/sql-formatter@15.7.0/node_modules/sql-formatter/src/languages/tidb/tidb.formatter.ts'

WARNING in ./node_modules/.pnpm/sql-formatter@15.7.0/node_modules/sql-formatter/dist/esm/languages/tidb/tidb.functions.js
Module Warning (from ./node_modules/.pnpm/source-map-loader@3.0.2_webpack@5.104.1/node_modules/source-map-loader/dist/cjs.js):
Failed to parse source map from '/app/frontend/node_modules/.pnpm/sql-formatter@15.7.0/node_modules/sql-formatter/src/languages/tidb/tidb.functions.ts' file: Error: ENOENT: no such file or directory, open '/app/frontend/node_modules/.pnpm/sql-formatter@15.7.0/node_modules/sql-formatter/src/languages/tidb/tidb.functions.ts'

WARNING in ./node_modules/.pnpm/sql-formatter@15.7.0/node_modules/sql-formatter/dist/esm/languages/tidb/tidb.keywords.js
Module Warning (from ./node_modules/.pnpm/source-map-loader@3.0.2_webpack@5.104.1/node_modules/source-map-loader/dist/cjs.js):
Failed to parse source map from '/app/frontend/node_modules/.pnpm/sql-formatter@15.7.0/node_modules/sql-formatter/src/languages/tidb/tidb.keywords.ts' file: Error: ENOENT: no such file or directory, open '/app/frontend/node_modules/.pnpm/sql-formatter@15.7.0/node_modules/sql-formatter/src/languages/tidb/tidb.keywords.ts'

WARNING in ./node_modules/.pnpm/sql-formatter@15.7.0/node_modules/sql-formatter/dist/esm/languages/transactsql/transactsql.formatter.js
Module Warning (from ./node_modules/.pnpm/source-map-loader@3.0.2_webpack@5.104.1/node_modules/source-map-loader/dist/cjs.js):
Failed to parse source map from '/app/frontend/node_modules/.pnpm/sql-formatter@15.7.0/node_modules/sql-formatter/src/languages/transactsql/transactsql.formatter.ts' file: Error: ENOENT: no such file or directory, open '/app/frontend/node_modules/.pnpm/sql-formatter@15.7.0/node_modules/sql-formatter/src/languages/transactsql/transactsql.formatter.ts'

WARNING in ./node_modules/.pnpm/sql-formatter@15.7.0/node_modules/sql-formatter/dist/esm/languages/transactsql/transactsql.functions.js
Module Warning (from ./node_modules/.pnpm/source-map-loader@3.0.2_webpack@5.104.1/node_modules/source-map-loader/dist/cjs.js):
Failed to parse source map from '/app/frontend/node_modules/.pnpm/sql-formatter@15.7.0/node_modules/sql-formatter/src/languages/transactsql/transactsql.functions.ts' file: Error: ENOENT: no such file or directory, open '/app/frontend/node_modules/.pnpm/sql-formatter@15.7.0/node_modules/sql-formatter/src/languages/transactsql/transactsql.functions.ts'

WARNING in ./node_modules/.pnpm/sql-formatter@15.7.0/node_modules/sql-formatter/dist/esm/languages/transactsql/transactsql.keywords.js
Module Warning (from ./node_modules/.pnpm/source-map-loader@3.0.2_webpack@5.104.1/node_modules/source-map-loader/dist/cjs.js):
Failed to parse source map from '/app/frontend/node_modules/.pnpm/sql-formatter@15.7.0/node_modules/sql-formatter/src/languages/transactsql/transactsql.keywords.ts' file: Error: ENOENT: no such file or directory, open '/app/frontend/node_modules/.pnpm/sql-formatter@15.7.0/node_modules/sql-formatter/src/languages/transactsql/transactsql.keywords.ts'

WARNING in ./node_modules/.pnpm/sql-formatter@15.7.0/node_modules/sql-formatter/dist/esm/languages/trino/trino.formatter.js
Module Warning (from ./node_modules/.pnpm/source-map-loader@3.0.2_webpack@5.104.1/node_modules/source-map-loader/dist/cjs.js):
Failed to parse source map from '/app/frontend/node_modules/.pnpm/sql-formatter@15.7.0/node_modules/sql-formatter/src/languages/trino/trino.formatter.ts' file: Error: ENOENT: no such file or directory, open '/app/frontend/node_modules/.pnpm/sql-formatter@15.7.0/node_modules/sql-formatter/src/languages/trino/trino.formatter.ts'

WARNING in ./node_modules/.pnpm/sql-formatter@15.7.0/node_modules/sql-formatter/dist/esm/languages/trino/trino.functions.js
Module Warning (from ./node_modules/.pnpm/source-map-loader@3.0.2_webpack@5.104.1/node_modules/source-map-loader/dist/cjs.js):
Failed to parse source map from '/app/frontend/node_modules/.pnpm/sql-formatter@15.7.0/node_modules/sql-formatter/src/languages/trino/trino.functions.ts' file: Error: ENOENT: no such file or directory, open '/app/frontend/node_modules/.pnpm/sql-formatter@15.7.0/node_modules/sql-formatter/src/languages/trino/trino.functions.ts'

WARNING in ./node_modules/.pnpm/sql-formatter@15.7.0/node_modules/sql-formatter/dist/esm/languages/trino/trino.keywords.js
Module Warning (from ./node_modules/.pnpm/source-map-loader@3.0.2_webpack@5.104.1/node_modules/source-map-loader/dist/cjs.js):
Failed to parse source map from '/app/frontend/node_modules/.pnpm/sql-formatter@15.7.0/node_modules/sql-formatter/src/languages/trino/trino.keywords.ts' file: Error: ENOENT: no such file or directory, open '/app/frontend/node_modules/.pnpm/sql-formatter@15.7.0/node_modules/sql-formatter/src/languages/trino/trino.keywords.ts'

WARNING in ./node_modules/.pnpm/sql-formatter@15.7.0/node_modules/sql-formatter/dist/esm/lexer/NestedComment.js
Module Warning (from ./node_modules/.pnpm/source-map-loader@3.0.2_webpack@5.104.1/node_modules/source-map-loader/dist/cjs.js):
Failed to parse source map from '/app/frontend/node_modules/.pnpm/sql-formatter@15.7.0/node_modules/sql-formatter/src/lexer/NestedComment.ts' file: Error: ENOENT: no such file or directory, open '/app/frontend/node_modules/.pnpm/sql-formatter@15.7.0/node_modules/sql-formatter/src/lexer/NestedComment.ts'

WARNING in ./node_modules/.pnpm/sql-formatter@15.7.0/node_modules/sql-formatter/dist/esm/lexer/Tokenizer.js
Module Warning (from ./node_modules/.pnpm/source-map-loader@3.0.2_webpack@5.104.1/node_modules/source-map-loader/dist/cjs.js):
Failed to parse source map from '/app/frontend/node_modules/.pnpm/sql-formatter@15.7.0/node_modules/sql-formatter/src/lexer/Tokenizer.ts' file: Error: ENOENT: no such file or directory, open '/app/frontend/node_modules/.pnpm/sql-formatter@15.7.0/node_modules/sql-formatter/src/lexer/Tokenizer.ts'

WARNING in ./node_modules/.pnpm/sql-formatter@15.7.0/node_modules/sql-formatter/dist/esm/lexer/TokenizerEngine.js
Module Warning (from ./node_modules/.pnpm/source-map-loader@3.0.2_webpack@5.104.1/node_modules/source-map-loader/dist/cjs.js):
Failed to parse source map from '/app/frontend/node_modules/.pnpm/sql-formatter@15.7.0/node_modules/sql-formatter/src/lexer/TokenizerEngine.ts' file: Error: ENOENT: no such file or directory, open '/app/frontend/node_modules/.pnpm/sql-formatter@15.7.0/node_modules/sql-formatter/src/lexer/TokenizerEngine.ts'

WARNING in ./node_modules/.pnpm/sql-formatter@15.7.0/node_modules/sql-formatter/dist/esm/lexer/disambiguateTokens.js
Module Warning (from ./node_modules/.pnpm/source-map-loader@3.0.2_webpack@5.104.1/node_modules/source-map-loader/dist/cjs.js):
Failed to parse source map from '/app/frontend/node_modules/.pnpm/sql-formatter@15.7.0/node_modules/sql-formatter/src/lexer/disambiguateTokens.ts' file: Error: ENOENT: no such file or directory, open '/app/frontend/node_modules/.pnpm/sql-formatter@15.7.0/node_modules/sql-formatter/src/lexer/disambiguateTokens.ts'

WARNING in ./node_modules/.pnpm/sql-formatter@15.7.0/node_modules/sql-formatter/dist/esm/lexer/lineColFromIndex.js
Module Warning (from ./node_modules/.pnpm/source-map-loader@3.0.2_webpack@5.104.1/node_modules/source-map-loader/dist/cjs.js):
Failed to parse source map from '/app/frontend/node_modules/.pnpm/sql-formatter@15.7.0/node_modules/sql-formatter/src/lexer/lineColFromIndex.ts' file: Error: ENOENT: no such file or directory, open '/app/frontend/node_modules/.pnpm/sql-formatter@15.7.0/node_modules/sql-formatter/src/lexer/lineColFromIndex.ts'

WARNING in ./node_modules/.pnpm/sql-formatter@15.7.0/node_modules/sql-formatter/dist/esm/lexer/regexFactory.js
Module Warning (from ./node_modules/.pnpm/source-map-loader@3.0.2_webpack@5.104.1/node_modules/source-map-loader/dist/cjs.js):
Failed to parse source map from '/app/frontend/node_modules/.pnpm/sql-formatter@15.7.0/node_modules/sql-formatter/src/lexer/regexFactory.ts' file: Error: ENOENT: no such file or directory, open '/app/frontend/node_modules/.pnpm/sql-formatter@15.7.0/node_modules/sql-formatter/src/lexer/regexFactory.ts'

WARNING in ./node_modules/.pnpm/sql-formatter@15.7.0/node_modules/sql-formatter/dist/esm/lexer/regexUtil.js
Module Warning (from ./node_modules/.pnpm/source-map-loader@3.0.2_webpack@5.104.1/node_modules/source-map-loader/dist/cjs.js):
Failed to parse source map from '/app/frontend/node_modules/.pnpm/sql-formatter@15.7.0/node_modules/sql-formatter/src/lexer/regexUtil.ts' file: Error: ENOENT: no such file or directory, open '/app/frontend/node_modules/.pnpm/sql-formatter@15.7.0/node_modules/sql-formatter/src/lexer/regexUtil.ts'

WARNING in ./node_modules/.pnpm/sql-formatter@15.7.0/node_modules/sql-formatter/dist/esm/lexer/token.js
Module Warning (from ./node_modules/.pnpm/source-map-loader@3.0.2_webpack@5.104.1/node_modules/source-map-loader/dist/cjs.js):
Failed to parse source map from '/app/frontend/node_modules/.pnpm/sql-formatter@15.7.0/node_modules/sql-formatter/src/lexer/token.ts' file: Error: ENOENT: no such file or directory, open '/app/frontend/node_modules/.pnpm/sql-formatter@15.7.0/node_modules/sql-formatter/src/lexer/token.ts'

WARNING in ./node_modules/.pnpm/sql-formatter@15.7.0/node_modules/sql-formatter/dist/esm/parser/LexerAdapter.js
Module Warning (from ./node_modules/.pnpm/source-map-loader@3.0.2_webpack@5.104.1/node_modules/source-map-loader/dist/cjs.js):
Failed to parse source map from '/app/frontend/node_modules/.pnpm/sql-formatter@15.7.0/node_modules/sql-formatter/src/parser/LexerAdapter.ts' file: Error: ENOENT: no such file or directory, open '/app/frontend/node_modules/.pnpm/sql-formatter@15.7.0/node_modules/sql-formatter/src/parser/LexerAdapter.ts'

WARNING in ./node_modules/.pnpm/sql-formatter@15.7.0/node_modules/sql-formatter/dist/esm/parser/ast.js
Module Warning (from ./node_modules/.pnpm/source-map-loader@3.0.2_webpack@5.104.1/node_modules/source-map-loader/dist/cjs.js):
Failed to parse source map from '/app/frontend/node_modules/.pnpm/sql-formatter@15.7.0/node_modules/sql-formatter/src/parser/ast.ts' file: Error: ENOENT: no such file or directory, open '/app/frontend/node_modules/.pnpm/sql-formatter@15.7.0/node_modules/sql-formatter/src/parser/ast.ts'

WARNING in ./node_modules/.pnpm/sql-formatter@15.7.0/node_modules/sql-formatter/dist/esm/parser/createParser.js
Module Warning (from ./node_modules/.pnpm/source-map-loader@3.0.2_webpack@5.104.1/node_modules/source-map-loader/dist/cjs.js):
Failed to parse source map from '/app/frontend/node_modules/.pnpm/sql-formatter@15.7.0/node_modules/sql-formatter/src/parser/createParser.ts' file: Error: ENOENT: no such file or directory, open '/app/frontend/node_modules/.pnpm/sql-formatter@15.7.0/node_modules/sql-formatter/src/parser/createParser.ts'

WARNING in ./node_modules/.pnpm/sql-formatter@15.7.0/node_modules/sql-formatter/dist/esm/parser/grammar.js
Module Warning (from ./node_modules/.pnpm/source-map-loader@3.0.2_webpack@5.104.1/node_modules/source-map-loader/dist/cjs.js):
Failed to parse source map from '/app/frontend/node_modules/.pnpm/sql-formatter@15.7.0/node_modules/sql-formatter/src/parser/grammar.ts' file: Error: ENOENT: no such file or directory, open '/app/frontend/node_modules/.pnpm/sql-formatter@15.7.0/node_modules/sql-formatter/src/parser/grammar.ts'

WARNING in ./node_modules/.pnpm/sql-formatter@15.7.0/node_modules/sql-formatter/dist/esm/sqlFormatter.js
Module Warning (from ./node_modules/.pnpm/source-map-loader@3.0.2_webpack@5.104.1/node_modules/source-map-loader/dist/cjs.js):
Failed to parse source map from '/app/frontend/node_modules/.pnpm/sql-formatter@15.7.0/node_modules/sql-formatter/src/sqlFormatter.ts' file: Error: ENOENT: no such file or directory, open '/app/frontend/node_modules/.pnpm/sql-formatter@15.7.0/node_modules/sql-formatter/src/sqlFormatter.ts'

WARNING in ./node_modules/.pnpm/sql-formatter@15.7.0/node_modules/sql-formatter/dist/esm/utils.js
Module Warning (from ./node_modules/.pnpm/source-map-loader@3.0.2_webpack@5.104.1/node_modules/source-map-loader/dist/cjs.js):
Failed to parse source map from '/app/frontend/node_modules/.pnpm/sql-formatter@15.7.0/node_modules/sql-formatter/src/utils.ts' file: Error: ENOENT: no such file or directory, open '/app/frontend/node_modules/.pnpm/sql-formatter@15.7.0/node_modules/sql-formatter/src/utils.ts'

WARNING in ./node_modules/.pnpm/sql-formatter@15.7.0/node_modules/sql-formatter/dist/esm/validateConfig.js
Module Warning (from ./node_modules/.pnpm/source-map-loader@3.0.2_webpack@5.104.1/node_modules/source-map-loader/dist/cjs.js):
Failed to parse source map from '/app/frontend/node_modules/.pnpm/sql-formatter@15.7.0/node_modules/sql-formatter/src/validateConfig.ts' file: Error: ENOENT: no such file or directory, open '/app/frontend/node_modules/.pnpm/sql-formatter@15.7.0/node_modules/sql-formatter/src/validateConfig.ts'

ERROR in ./src/tools/JSONSchemaValidator.js 11:0-37
Module not found: Error: Can't resolve 'ajv-formats' in '/app/frontend/src/tools'

ERROR in [eslint] Invalid Options:
- Unknown options: extensions, resolvePluginsRelativeTo
- 'extensions' has been removed.
- 'resolvePluginsRelativeTo' has been removed.

ERROR in Error: Child compilation failed:
  [eslint] Invalid Options:
  - Unknown options: extensions, resolvePluginsRelativeTo
  - 'extensions' has been removed.
  - 'resolvePluginsRelativeTo' has been removed.

  - child-compiler.js:211
    [frontend]/[html-webpack-plugin@5.6.6_webpack@5.104.1]/[html-webpack-plugin]    /lib/child-compiler.js:211:18

  - Compiler.js:648 finalCallback
    [frontend]/[webpack@5.104.1]/[webpack]/lib/Compiler.js:648:5

  - Compiler.js:684
    [frontend]/[webpack@5.104.1]/[webpack]/lib/Compiler.js:684:11

  - Compiler.js:1378
    [frontend]/[webpack@5.104.1]/[webpack]/lib/Compiler.js:1378:17


  - Hook.js:21 Hook.CALL_ASYNC_DELEGATE [as _callAsync]
    [frontend]/[tapable@2.3.0]/[tapable]/lib/Hook.js:21:14

  - Compiler.js:1374
    [frontend]/[webpack@5.104.1]/[webpack]/lib/Compiler.js:1374:33

  - Compilation.js:3169 finalCallback
    [frontend]/[webpack@5.104.1]/[webpack]/lib/Compilation.js:3169:11

  - Compilation.js:3505
    [frontend]/[webpack@5.104.1]/[webpack]/lib/Compilation.js:3505:11

1 ERROR in child compilations (Use 'stats.children: true' resp. '--stats-children' for more details)
webpack compiled with 4 errors and 88 warnings
Compiling...
Failed to compile.

[eslint] Invalid Options:
- Unknown options: extensions, resolvePluginsRelativeTo
- 'extensions' has been removed.
- 'resolvePluginsRelativeTo' has been removed.
WARNING in ./node_modules/.pnpm/sql-formatter@15.7.0/node_modules/sql-formatter/dist/esm/allDialects.js
Module Warning (from ./node_modules/.pnpm/source-map-loader@3.0.2_webpack@5.104.1/node_modules/source-map-loader/dist/cjs.js):
Failed to parse source map from '/app/frontend/node_modules/.pnpm/sql-formatter@15.7.0/node_modules/sql-formatter/src/allDialects.ts' file: Error: ENOENT: no such file or directory, open '/app/frontend/node_modules/.pnpm/sql-formatter@15.7.0/node_modules/sql-formatter/src/allDialects.ts'

WARNING in ./node_modules/.pnpm/sql-formatter@15.7.0/node_modules/sql-formatter/dist/esm/dialect.js
Module Warning (from ./node_modules/.pnpm/source-map-loader@3.0.2_webpack@5.104.1/node_modules/source-map-loader/dist/cjs.js):
Failed to parse source map from '/app/frontend/node_modules/.pnpm/sql-formatter@15.7.0/node_modules/sql-formatter/src/dialect.ts' file: Error: ENOENT: no such file or directory, open '/app/frontend/node_modules/.pnpm/sql-formatter@15.7.0/node_modules/sql-formatter/src/dialect.ts'

WARNING in ./node_modules/.pnpm/sql-formatter@15.7.0/node_modules/sql-formatter/dist/esm/expandPhrases.js
Module Warning (from ./node_modules/.pnpm/source-map-loader@3.0.2_webpack@5.104.1/node_modules/source-map-loader/dist/cjs.js):
Failed to parse source map from '/app/frontend/node_modules/.pnpm/sql-formatter@15.7.0/node_modules/sql-formatter/src/expandPhrases.ts' file: Error: ENOENT: no such file or directory, open '/app/frontend/node_modules/.pnpm/sql-formatter@15.7.0/node_modules/sql-formatter/src/expandPhrases.ts'

WARNING in ./node_modules/.pnpm/sql-formatter@15.7.0/node_modules/sql-formatter/dist/esm/formatter/ExpressionFormatter.js
Module Warning (from ./node_modules/.pnpm/source-map-loader@3.0.2_webpack@5.104.1/node_modules/source-map-loader/dist/cjs.js):
Failed to parse source map from '/app/frontend/node_modules/.pnpm/sql-formatter@15.7.0/node_modules/sql-formatter/src/formatter/ExpressionFormatter.ts' file: Error: ENOENT: no such file or directory, open '/app/frontend/node_modules/.pnpm/sql-formatter@15.7.0/node_modules/sql-formatter/src/formatter/ExpressionFormatter.ts'

WARNING in ./node_modules/.pnpm/sql-formatter@15.7.0/node_modules/sql-formatter/dist/esm/formatter/Formatter.js
Module Warning (from ./node_modules/.pnpm/source-map-loader@3.0.2_webpack@5.104.1/node_modules/source-map-loader/dist/cjs.js):
Failed to parse source map from '/app/frontend/node_modules/.pnpm/sql-formatter@15.7.0/node_modules/sql-formatter/src/formatter/Formatter.ts' file: Error: ENOENT: no such file or directory, open '/app/frontend/node_modules/.pnpm/sql-formatter@15.7.0/node_modules/sql-formatter/src/formatter/Formatter.ts'

WARNING in ./node_modules/.pnpm/sql-formatter@15.7.0/node_modules/sql-formatter/dist/esm/formatter/Indentation.js
Module Warning (from ./node_modules/.pnpm/source-map-loader@3.0.2_webpack@5.104.1/node_modules/source-map-loader/dist/cjs.js):
Failed to parse source map from '/app/frontend/node_modules/.pnpm/sql-formatter@15.7.0/node_modules/sql-formatter/src/formatter/Indentation.ts' file: Error: ENOENT: no such file or directory, open '/app/frontend/node_modules/.pnpm/sql-formatter@15.7.0/node_modules/sql-formatter/src/formatter/Indentation.ts'

WARNING in ./node_modules/.pnpm/sql-formatter@15.7.0/node_modules/sql-formatter/dist/esm/formatter/InlineLayout.js
Module Warning (from ./node_modules/.pnpm/source-map-loader@3.0.2_webpack@5.104.1/node_modules/source-map-loader/dist/cjs.js):
Failed to parse source map from '/app/frontend/node_modules/.pnpm/sql-formatter@15.7.0/node_modules/sql-formatter/src/formatter/InlineLayout.ts' file: Error: ENOENT: no such file or directory, open '/app/frontend/node_modules/.pnpm/sql-formatter@15.7.0/node_modules/sql-formatter/src/formatter/InlineLayout.ts'

WARNING in ./node_modules/.pnpm/sql-formatter@15.7.0/node_modules/sql-formatter/dist/esm/formatter/Layout.js
Module Warning (from ./node_modules/.pnpm/source-map-loader@3.0.2_webpack@5.104.1/node_modules/source-map-loader/dist/cjs.js):
Failed to parse source map from '/app/frontend/node_modules/.pnpm/sql-formatter@15.7.0/node_modules/sql-formatter/src/formatter/Layout.ts' file: Error: ENOENT: no such file or directory, open '/app/frontend/node_modules/.pnpm/sql-formatter@15.7.0/node_modules/sql-formatter/src/formatter/Layout.ts'

WARNING in ./node_modules/.pnpm/sql-formatter@15.7.0/node_modules/sql-formatter/dist/esm/formatter/Params.js
Module Warning (from ./node_modules/.pnpm/source-map-loader@3.0.2_webpack@5.104.1/node_modules/source-map-loader/dist/cjs.js):
Failed to parse source map from '/app/frontend/node_modules/.pnpm/sql-formatter@15.7.0/node_modules/sql-formatter/src/formatter/Params.ts' file: Error: ENOENT: no such file or directory, open '/app/frontend/node_modules/.pnpm/sql-formatter@15.7.0/node_modules/sql-formatter/src/formatter/Params.ts'

WARNING in ./node_modules/.pnpm/sql-formatter@15.7.0/node_modules/sql-formatter/dist/esm/formatter/config.js
Module Warning (from ./node_modules/.pnpm/source-map-loader@3.0.2_webpack@5.104.1/node_modules/source-map-loader/dist/cjs.js):
Failed to parse source map from '/app/frontend/node_modules/.pnpm/sql-formatter@15.7.0/node_modules/sql-formatter/src/formatter/config.ts' file: Error: ENOENT: no such file or directory, open '/app/frontend/node_modules/.pnpm/sql-formatter@15.7.0/node_modules/sql-formatter/src/formatter/config.ts'

WARNING in ./node_modules/.pnpm/sql-formatter@15.7.0/node_modules/sql-formatter/dist/esm/formatter/tabularStyle.js
Module Warning (from ./node_modules/.pnpm/source-map-loader@3.0.2_webpack@5.104.1/node_modules/source-map-loader/dist/cjs.js):
Failed to parse source map from '/app/frontend/node_modules/.pnpm/sql-formatter@15.7.0/node_modules/sql-formatter/src/formatter/tabularStyle.ts' file: Error: ENOENT: no such file or directory, open '/app/frontend/node_modules/.pnpm/sql-formatter@15.7.0/node_modules/sql-formatter/src/formatter/tabularStyle.ts'

WARNING in ./node_modules/.pnpm/sql-formatter@15.7.0/node_modules/sql-formatter/dist/esm/index.js
Module Warning (from ./node_modules/.pnpm/source-map-loader@3.0.2_webpack@5.104.1/node_modules/source-map-loader/dist/cjs.js):
Failed to parse source map from '/app/frontend/node_modules/.pnpm/sql-formatter@15.7.0/node_modules/sql-formatter/src/index.ts' file: Error: ENOENT: no such file or directory, open '/app/frontend/node_modules/.pnpm/sql-formatter@15.7.0/node_modules/sql-formatter/src/index.ts'

WARNING in ./node_modules/.pnpm/sql-formatter@15.7.0/node_modules/sql-formatter/dist/esm/languages/bigquery/bigquery.formatter.js
Module Warning (from ./node_modules/.pnpm/source-map-loader@3.0.2_webpack@5.104.1/node_modules/source-map-loader/dist/cjs.js):
Failed to parse source map from '/app/frontend/node_modules/.pnpm/sql-formatter@15.7.0/node_modules/sql-formatter/src/languages/bigquery/bigquery.formatter.ts' file: Error: ENOENT: no such file or directory, open '/app/frontend/node_modules/.pnpm/sql-formatter@15.7.0/node_modules/sql-formatter/src/languages/bigquery/bigquery.formatter.ts'

WARNING in ./node_modules/.pnpm/sql-formatter@15.7.0/node_modules/sql-formatter/dist/esm/languages/bigquery/bigquery.functions.js
Module Warning (from ./node_modules/.pnpm/source-map-loader@3.0.2_webpack@5.104.1/node_modules/source-map-loader/dist/cjs.js):
Failed to parse source map from '/app/frontend/node_modules/.pnpm/sql-formatter@15.7.0/node_modules/sql-formatter/src/languages/bigquery/bigquery.functions.ts' file: Error: ENOENT: no such file or directory, open '/app/frontend/node_modules/.pnpm/sql-formatter@15.7.0/node_modules/sql-formatter/src/languages/bigquery/bigquery.functions.ts'

WARNING in ./node_modules/.pnpm/sql-formatter@15.7.0/node_modules/sql-formatter/dist/esm/languages/bigquery/bigquery.keywords.js
Module Warning (from ./node_modules/.pnpm/source-map-loader@3.0.2_webpack@5.104.1/node_modules/source-map-loader/dist/cjs.js):
Failed to parse source map from '/app/frontend/node_modules/.pnpm/sql-formatter@15.7.0/node_modules/sql-formatter/src/languages/bigquery/bigquery.keywords.ts' file: Error: ENOENT: no such file or directory, open '/app/frontend/node_modules/.pnpm/sql-formatter@15.7.0/node_modules/sql-formatter/src/languages/bigquery/bigquery.keywords.ts'

WARNING in ./node_modules/.pnpm/sql-formatter@15.7.0/node_modules/sql-formatter/dist/esm/languages/clickhouse/clickhouse.formatter.js
Module Warning (from ./node_modules/.pnpm/source-map-loader@3.0.2_webpack@5.104.1/node_modules/source-map-loader/dist/cjs.js):
Failed to parse source map from '/app/frontend/node_modules/.pnpm/sql-formatter@15.7.0/node_modules/sql-formatter/src/languages/clickhouse/clickhouse.formatter.ts' file: Error: ENOENT: no such file or directory, open '/app/frontend/node_modules/.pnpm/sql-formatter@15.7.0/node_modules/sql-formatter/src/languages/clickhouse/clickhouse.formatter.ts'

WARNING in ./node_modules/.pnpm/sql-formatter@15.7.0/node_modules/sql-formatter/dist/esm/languages/clickhouse/clickhouse.functions.js
Module Warning (from ./node_modules/.pnpm/source-map-loader@3.0.2_webpack@5.104.1/node_modules/source-map-loader/dist/cjs.js):
Failed to parse source map from '/app/frontend/node_modules/.pnpm/sql-formatter@15.7.0/node_modules/sql-formatter/src/languages/clickhouse/clickhouse.functions.ts' file: Error: ENOENT: no such file or directory, open '/app/frontend/node_modules/.pnpm/sql-formatter@15.7.0/node_modules/sql-formatter/src/languages/clickhouse/clickhouse.functions.ts'

WARNING in ./node_modules/.pnpm/sql-formatter@15.7.0/node_modules/sql-formatter/dist/esm/languages/clickhouse/clickhouse.keywords.js
Module Warning (from ./node_modules/.pnpm/source-map-loader@3.0.2_webpack@5.104.1/node_modules/source-map-loader/dist/cjs.js):
Failed to parse source map from '/app/frontend/node_modules/.pnpm/sql-formatter@15.7.0/node_modules/sql-formatter/src/languages/clickhouse/clickhouse.keywords.ts' file: Error: ENOENT: no such file or directory, open '/app/frontend/node_modules/.pnpm/sql-formatter@15.7.0/node_modules/sql-formatter/src/languages/clickhouse/clickhouse.keywords.ts'

WARNING in ./node_modules/.pnpm/sql-formatter@15.7.0/node_modules/sql-formatter/dist/esm/languages/db2/db2.formatter.js
Module Warning (from ./node_modules/.pnpm/source-map-loader@3.0.2_webpack@5.104.1/node_modules/source-map-loader/dist/cjs.js):
Failed to parse source map from '/app/frontend/node_modules/.pnpm/sql-formatter@15.7.0/node_modules/sql-formatter/src/languages/db2/db2.formatter.ts' file: Error: ENOENT: no such file or directory, open '/app/frontend/node_modules/.pnpm/sql-formatter@15.7.0/node_modules/sql-formatter/src/languages/db2/db2.formatter.ts'

WARNING in ./node_modules/.pnpm/sql-formatter@15.7.0/node_modules/sql-formatter/dist/esm/languages/db2/db2.functions.js
Module Warning (from ./node_modules/.pnpm/source-map-loader@3.0.2_webpack@5.104.1/node_modules/source-map-loader/dist/cjs.js):
Failed to parse source map from '/app/frontend/node_modules/.pnpm/sql-formatter@15.7.0/node_modules/sql-formatter/src/languages/db2/db2.functions.ts' file: Error: ENOENT: no such file or directory, open '/app/frontend/node_modules/.pnpm/sql-formatter@15.7.0/node_modules/sql-formatter/src/languages/db2/db2.functions.ts'

WARNING in ./node_modules/.pnpm/sql-formatter@15.7.0/node_modules/sql-formatter/dist/esm/languages/db2/db2.keywords.js
Module Warning (from ./node_modules/.pnpm/source-map-loader@3.0.2_webpack@5.104.1/node_modules/source-map-loader/dist/cjs.js):
Failed to parse source map from '/app/frontend/node_modules/.pnpm/sql-formatter@15.7.0/node_modules/sql-formatter/src/languages/db2/db2.keywords.ts' file: Error: ENOENT: no such file or directory, open '/app/frontend/node_modules/.pnpm/sql-formatter@15.7.0/node_modules/sql-formatter/src/languages/db2/db2.keywords.ts'

WARNING in ./node_modules/.pnpm/sql-formatter@15.7.0/node_modules/sql-formatter/dist/esm/languages/db2i/db2i.formatter.js
Module Warning (from ./node_modules/.pnpm/source-map-loader@3.0.2_webpack@5.104.1/node_modules/source-map-loader/dist/cjs.js):
Failed to parse source map from '/app/frontend/node_modules/.pnpm/sql-formatter@15.7.0/node_modules/sql-formatter/src/languages/db2i/db2i.formatter.ts' file: Error: ENOENT: no such file or directory, open '/app/frontend/node_modules/.pnpm/sql-formatter@15.7.0/node_modules/sql-formatter/src/languages/db2i/db2i.formatter.ts'

WARNING in ./node_modules/.pnpm/sql-formatter@15.7.0/node_modules/sql-formatter/dist/esm/languages/db2i/db2i.functions.js
Module Warning (from ./node_modules/.pnpm/source-map-loader@3.0.2_webpack@5.104.1/node_modules/source-map-loader/dist/cjs.js):
Failed to parse source map from '/app/frontend/node_modules/.pnpm/sql-formatter@15.7.0/node_modules/sql-formatter/src/languages/db2i/db2i.functions.ts' file: Error: ENOENT: no such file or directory, open '/app/frontend/node_modules/.pnpm/sql-formatter@15.7.0/node_modules/sql-formatter/src/languages/db2i/db2i.functions.ts'

WARNING in ./node_modules/.pnpm/sql-formatter@15.7.0/node_modules/sql-formatter/dist/esm/languages/db2i/db2i.keywords.js
Module Warning (from ./node_modules/.pnpm/source-map-loader@3.0.2_webpack@5.104.1/node_modules/source-map-loader/dist/cjs.js):
Failed to parse source map from '/app/frontend/node_modules/.pnpm/sql-formatter@15.7.0/node_modules/sql-formatter/src/languages/db2i/db2i.keywords.ts' file: Error: ENOENT: no such file or directory, open '/app/frontend/node_modules/.pnpm/sql-formatter@15.7.0/node_modules/sql-formatter/src/languages/db2i/db2i.keywords.ts'

WARNING in ./node_modules/.pnpm/sql-formatter@15.7.0/node_modules/sql-formatter/dist/esm/languages/duckdb/duckdb.formatter.js
Module Warning (from ./node_modules/.pnpm/source-map-loader@3.0.2_webpack@5.104.1/node_modules/source-map-loader/dist/cjs.js):
Failed to parse source map from '/app/frontend/node_modules/.pnpm/sql-formatter@15.7.0/node_modules/sql-formatter/src/languages/duckdb/duckdb.formatter.ts' file: Error: ENOENT: no such file or directory, open '/app/frontend/node_modules/.pnpm/sql-formatter@15.7.0/node_modules/sql-formatter/src/languages/duckdb/duckdb.formatter.ts'

WARNING in ./node_modules/.pnpm/sql-formatter@15.7.0/node_modules/sql-formatter/dist/esm/languages/duckdb/duckdb.functions.js
Module Warning (from ./node_modules/.pnpm/source-map-loader@3.0.2_webpack@5.104.1/node_modules/source-map-loader/dist/cjs.js):
Failed to parse source map from '/app/frontend/node_modules/.pnpm/sql-formatter@15.7.0/node_modules/sql-formatter/src/languages/duckdb/duckdb.functions.ts' file: Error: ENOENT: no such file or directory, open '/app/frontend/node_modules/.pnpm/sql-formatter@15.7.0/node_modules/sql-formatter/src/languages/duckdb/duckdb.functions.ts'

WARNING in ./node_modules/.pnpm/sql-formatter@15.7.0/node_modules/sql-formatter/dist/esm/languages/duckdb/duckdb.keywords.js
Module Warning (from ./node_modules/.pnpm/source-map-loader@3.0.2_webpack@5.104.1/node_modules/source-map-loader/dist/cjs.js):
Failed to parse source map from '/app/frontend/node_modules/.pnpm/sql-formatter@15.7.0/node_modules/sql-formatter/src/languages/duckdb/duckdb.keywords.ts' file: Error: ENOENT: no such file or directory, open '/app/frontend/node_modules/.pnpm/sql-formatter@15.7.0/node_modules/sql-formatter/src/languages/duckdb/duckdb.keywords.ts'

WARNING in ./node_modules/.pnpm/sql-formatter@15.7.0/node_modules/sql-formatter/dist/esm/languages/hive/hive.formatter.js
Module Warning (from ./node_modules/.pnpm/source-map-loader@3.0.2_webpack@5.104.1/node_modules/source-map-loader/dist/cjs.js):
Failed to parse source map from '/app/frontend/node_modules/.pnpm/sql-formatter@15.7.0/node_modules/sql-formatter/src/languages/hive/hive.formatter.ts' file: Error: ENOENT: no such file or directory, open '/app/frontend/node_modules/.pnpm/sql-formatter@15.7.0/node_modules/sql-formatter/src/languages/hive/hive.formatter.ts'

WARNING in ./node_modules/.pnpm/sql-formatter@15.7.0/node_modules/sql-formatter/dist/esm/languages/hive/hive.functions.js
Module Warning (from ./node_modules/.pnpm/source-map-loader@3.0.2_webpack@5.104.1/node_modules/source-map-loader/dist/cjs.js):
Failed to parse source map from '/app/frontend/node_modules/.pnpm/sql-formatter@15.7.0/node_modules/sql-formatter/src/languages/hive/hive.functions.ts' file: Error: ENOENT: no such file or directory, open '/app/frontend/node_modules/.pnpm/sql-formatter@15.7.0/node_modules/sql-formatter/src/languages/hive/hive.functions.ts'

WARNING in ./node_modules/.pnpm/sql-formatter@15.7.0/node_modules/sql-formatter/dist/esm/languages/hive/hive.keywords.js
Module Warning (from ./node_modules/.pnpm/source-map-loader@3.0.2_webpack@5.104.1/node_modules/source-map-loader/dist/cjs.js):
Failed to parse source map from '/app/frontend/node_modules/.pnpm/sql-formatter@15.7.0/node_modules/sql-formatter/src/languages/hive/hive.keywords.ts' file: Error: ENOENT: no such file or directory, open '/app/frontend/node_modules/.pnpm/sql-formatter@15.7.0/node_modules/sql-formatter/src/languages/hive/hive.keywords.ts'

WARNING in ./node_modules/.pnpm/sql-formatter@15.7.0/node_modules/sql-formatter/dist/esm/languages/mariadb/likeMariaDb.js
Module Warning (from ./node_modules/.pnpm/source-map-loader@3.0.2_webpack@5.104.1/node_modules/source-map-loader/dist/cjs.js):
Failed to parse source map from '/app/frontend/node_modules/.pnpm/sql-formatter@15.7.0/node_modules/sql-formatter/src/languages/mariadb/likeMariaDb.ts' file: Error: ENOENT: no such file or directory, open '/app/frontend/node_modules/.pnpm/sql-formatter@15.7.0/node_modules/sql-formatter/src/languages/mariadb/likeMariaDb.ts'

WARNING in ./node_modules/.pnpm/sql-formatter@15.7.0/node_modules/sql-formatter/dist/esm/languages/mariadb/mariadb.formatter.js
Module Warning (from ./node_modules/.pnpm/source-map-loader@3.0.2_webpack@5.104.1/node_modules/source-map-loader/dist/cjs.js):
Failed to parse source map from '/app/frontend/node_modules/.pnpm/sql-formatter@15.7.0/node_modules/sql-formatter/src/languages/mariadb/mariadb.formatter.ts' file: Error: ENOENT: no such file or directory, open '/app/frontend/node_modules/.pnpm/sql-formatter@15.7.0/node_modules/sql-formatter/src/languages/mariadb/mariadb.formatter.ts'

WARNING in ./node_modules/.pnpm/sql-formatter@15.7.0/node_modules/sql-formatter/dist/esm/languages/mariadb/mariadb.functions.js
Module Warning (from ./node_modules/.pnpm/source-map-loader@3.0.2_webpack@5.104.1/node_modules/source-map-loader/dist/cjs.js):
Failed to parse source map from '/app/frontend/node_modules/.pnpm/sql-formatter@15.7.0/node_modules/sql-formatter/src/languages/mariadb/mariadb.functions.ts' file: Error: ENOENT: no such file or directory, open '/app/frontend/node_modules/.pnpm/sql-formatter@15.7.0/node_modules/sql-formatter/src/languages/mariadb/mariadb.functions.ts'

WARNING in ./node_modules/.pnpm/sql-formatter@15.7.0/node_modules/sql-formatter/dist/esm/languages/mariadb/mariadb.keywords.js
Module Warning (from ./node_modules/.pnpm/source-map-loader@3.0.2_webpack@5.104.1/node_modules/source-map-loader/dist/cjs.js):
Failed to parse source map from '/app/frontend/node_modules/.pnpm/sql-formatter@15.7.0/node_modules/sql-formatter/src/languages/mariadb/mariadb.keywords.ts' file: Error: ENOENT: no such file or directory, open '/app/frontend/node_modules/.pnpm/sql-formatter@15.7.0/node_modules/sql-formatter/src/languages/mariadb/mariadb.keywords.ts'

WARNING in ./node_modules/.pnpm/sql-formatter@15.7.0/node_modules/sql-formatter/dist/esm/languages/mysql/mysql.formatter.js
Module Warning (from ./node_modules/.pnpm/source-map-loader@3.0.2_webpack@5.104.1/node_modules/source-map-loader/dist/cjs.js):
Failed to parse source map from '/app/frontend/node_modules/.pnpm/sql-formatter@15.7.0/node_modules/sql-formatter/src/languages/mysql/mysql.formatter.ts' file: Error: ENOENT: no such file or directory, open '/app/frontend/node_modules/.pnpm/sql-formatter@15.7.0/node_modules/sql-formatter/src/languages/mysql/mysql.formatter.ts'

WARNING in ./node_modules/.pnpm/sql-formatter@15.7.0/node_modules/sql-formatter/dist/esm/languages/mysql/mysql.functions.js
Module Warning (from ./node_modules/.pnpm/source-map-loader@3.0.2_webpack@5.104.1/node_modules/source-map-loader/dist/cjs.js):
Failed to parse source map from '/app/frontend/node_modules/.pnpm/sql-formatter@15.7.0/node_modules/sql-formatter/src/languages/mysql/mysql.functions.ts' file: Error: ENOENT: no such file or directory, open '/app/frontend/node_modules/.pnpm/sql-formatter@15.7.0/node_modules/sql-formatter/src/languages/mysql/mysql.functions.ts'

WARNING in ./node_modules/.pnpm/sql-formatter@15.7.0/node_modules/sql-formatter/dist/esm/languages/mysql/mysql.keywords.js
Module Warning (from ./node_modules/.pnpm/source-map-loader@3.0.2_webpack@5.104.1/node_modules/source-map-loader/dist/cjs.js):
Failed to parse source map from '/app/frontend/node_modules/.pnpm/sql-formatter@15.7.0/node_modules/sql-formatter/src/languages/mysql/mysql.keywords.ts' file: Error: ENOENT: no such file or directory, open '/app/frontend/node_modules/.pnpm/sql-formatter@15.7.0/node_modules/sql-formatter/src/languages/mysql/mysql.keywords.ts'

WARNING in ./node_modules/.pnpm/sql-formatter@15.7.0/node_modules/sql-formatter/dist/esm/languages/n1ql/n1ql.formatter.js
Module Warning (from ./node_modules/.pnpm/source-map-loader@3.0.2_webpack@5.104.1/node_modules/source-map-loader/dist/cjs.js):
Failed to parse source map from '/app/frontend/node_modules/.pnpm/sql-formatter@15.7.0/node_modules/sql-formatter/src/languages/n1ql/n1ql.formatter.ts' file: Error: ENOENT: no such file or directory, open '/app/frontend/node_modules/.pnpm/sql-formatter@15.7.0/node_modules/sql-formatter/src/languages/n1ql/n1ql.formatter.ts'

WARNING in ./node_modules/.pnpm/sql-formatter@15.7.0/node_modules/sql-formatter/dist/esm/languages/n1ql/n1ql.functions.js
Module Warning (from ./node_modules/.pnpm/source-map-loader@3.0.2_webpack@5.104.1/node_modules/source-map-loader/dist/cjs.js):
Failed to parse source map from '/app/frontend/node_modules/.pnpm/sql-formatter@15.7.0/node_modules/sql-formatter/src/languages/n1ql/n1ql.functions.ts' file: Error: ENOENT: no such file or directory, open '/app/frontend/node_modules/.pnpm/sql-formatter@15.7.0/node_modules/sql-formatter/src/languages/n1ql/n1ql.functions.ts'

WARNING in ./node_modules/.pnpm/sql-formatter@15.7.0/node_modules/sql-formatter/dist/esm/languages/n1ql/n1ql.keywords.js
Module Warning (from ./node_modules/.pnpm/source-map-loader@3.0.2_webpack@5.104.1/node_modules/source-map-loader/dist/cjs.js):
Failed to parse source map from '/app/frontend/node_modules/.pnpm/sql-formatter@15.7.0/node_modules/sql-formatter/src/languages/n1ql/n1ql.keywords.ts' file: Error: ENOENT: no such file or directory, open '/app/frontend/node_modules/.pnpm/sql-formatter@15.7.0/node_modules/sql-formatter/src/languages/n1ql/n1ql.keywords.ts'

WARNING in ./node_modules/.pnpm/sql-formatter@15.7.0/node_modules/sql-formatter/dist/esm/languages/plsql/plsql.formatter.js
Module Warning (from ./node_modules/.pnpm/source-map-loader@3.0.2_webpack@5.104.1/node_modules/source-map-loader/dist/cjs.js):
Failed to parse source map from '/app/frontend/node_modules/.pnpm/sql-formatter@15.7.0/node_modules/sql-formatter/src/languages/plsql/plsql.formatter.ts' file: Error: ENOENT: no such file or directory, open '/app/frontend/node_modules/.pnpm/sql-formatter@15.7.0/node_modules/sql-formatter/src/languages/plsql/plsql.formatter.ts'

WARNING in ./node_modules/.pnpm/sql-formatter@15.7.0/node_modules/sql-formatter/dist/esm/languages/plsql/plsql.functions.js
Module Warning (from ./node_modules/.pnpm/source-map-loader@3.0.2_webpack@5.104.1/node_modules/source-map-loader/dist/cjs.js):
Failed to parse source map from '/app/frontend/node_modules/.pnpm/sql-formatter@15.7.0/node_modules/sql-formatter/src/languages/plsql/plsql.functions.ts' file: Error: ENOENT: no such file or directory, open '/app/frontend/node_modules/.pnpm/sql-formatter@15.7.0/node_modules/sql-formatter/src/languages/plsql/plsql.functions.ts'

WARNING in ./node_modules/.pnpm/sql-formatter@15.7.0/node_modules/sql-formatter/dist/esm/languages/plsql/plsql.keywords.js
Module Warning (from ./node_modules/.pnpm/source-map-loader@3.0.2_webpack@5.104.1/node_modules/source-map-loader/dist/cjs.js):
Failed to parse source map from '/app/frontend/node_modules/.pnpm/sql-formatter@15.7.0/node_modules/sql-formatter/src/languages/plsql/plsql.keywords.ts' file: Error: ENOENT: no such file or directory, open '/app/frontend/node_modules/.pnpm/sql-formatter@15.7.0/node_modules/sql-formatter/src/languages/plsql/plsql.keywords.ts'

WARNING in ./node_modules/.pnpm/sql-formatter@15.7.0/node_modules/sql-formatter/dist/esm/languages/postgresql/postgresql.formatter.js
Module Warning (from ./node_modules/.pnpm/source-map-loader@3.0.2_webpack@5.104.1/node_modules/source-map-loader/dist/cjs.js):
Failed to parse source map from '/app/frontend/node_modules/.pnpm/sql-formatter@15.7.0/node_modules/sql-formatter/src/languages/postgresql/postgresql.formatter.ts' file: Error: ENOENT: no such file or directory, open '/app/frontend/node_modules/.pnpm/sql-formatter@15.7.0/node_modules/sql-formatter/src/languages/postgresql/postgresql.formatter.ts'

WARNING in ./node_modules/.pnpm/sql-formatter@15.7.0/node_modules/sql-formatter/dist/esm/languages/postgresql/postgresql.functions.js
Module Warning (from ./node_modules/.pnpm/source-map-loader@3.0.2_webpack@5.104.1/node_modules/source-map-loader/dist/cjs.js):
Failed to parse source map from '/app/frontend/node_modules/.pnpm/sql-formatter@15.7.0/node_modules/sql-formatter/src/languages/postgresql/postgresql.functions.ts' file: Error: ENOENT: no such file or directory, open '/app/frontend/node_modules/.pnpm/sql-formatter@15.7.0/node_modules/sql-formatter/src/languages/postgresql/postgresql.functions.ts'

WARNING in ./node_modules/.pnpm/sql-formatter@15.7.0/node_modules/sql-formatter/dist/esm/languages/postgresql/postgresql.keywords.js
Module Warning (from ./node_modules/.pnpm/source-map-loader@3.0.2_webpack@5.104.1/node_modules/source-map-loader/dist/cjs.js):
Failed to parse source map from '/app/frontend/node_modules/.pnpm/sql-formatter@15.7.0/node_modules/sql-formatter/src/languages/postgresql/postgresql.keywords.ts' file: Error: ENOENT: no such file or directory, open '/app/frontend/node_modules/.pnpm/sql-formatter@15.7.0/node_modules/sql-formatter/src/languages/postgresql/postgresql.keywords.ts'

WARNING in ./node_modules/.pnpm/sql-formatter@15.7.0/node_modules/sql-formatter/dist/esm/languages/redshift/redshift.formatter.js
Module Warning (from ./node_modules/.pnpm/source-map-loader@3.0.2_webpack@5.104.1/node_modules/source-map-loader/dist/cjs.js):
Failed to parse source map from '/app/frontend/node_modules/.pnpm/sql-formatter@15.7.0/node_modules/sql-formatter/src/languages/redshift/redshift.formatter.ts' file: Error: ENOENT: no such file or directory, open '/app/frontend/node_modules/.pnpm/sql-formatter@15.7.0/node_modules/sql-formatter/src/languages/redshift/redshift.formatter.ts'

WARNING in ./node_modules/.pnpm/sql-formatter@15.7.0/node_modules/sql-formatter/dist/esm/languages/redshift/redshift.functions.js
Module Warning (from ./node_modules/.pnpm/source-map-loader@3.0.2_webpack@5.104.1/node_modules/source-map-loader/dist/cjs.js):
Failed to parse source map from '/app/frontend/node_modules/.pnpm/sql-formatter@15.7.0/node_modules/sql-formatter/src/languages/redshift/redshift.functions.ts' file: Error: ENOENT: no such file or directory, open '/app/frontend/node_modules/.pnpm/sql-formatter@15.7.0/node_modules/sql-formatter/src/languages/redshift/redshift.functions.ts'

WARNING in ./node_modules/.pnpm/sql-formatter@15.7.0/node_modules/sql-formatter/dist/esm/languages/redshift/redshift.keywords.js
Module Warning (from ./node_modules/.pnpm/source-map-loader@3.0.2_webpack@5.104.1/node_modules/source-map-loader/dist/cjs.js):
Failed to parse source map from '/app/frontend/node_modules/.pnpm/sql-formatter@15.7.0/node_modules/sql-formatter/src/languages/redshift/redshift.keywords.ts' file: Error: ENOENT: no such file or directory, open '/app/frontend/node_modules/.pnpm/sql-formatter@15.7.0/node_modules/sql-formatter/src/languages/redshift/redshift.keywords.ts'

WARNING in ./node_modules/.pnpm/sql-formatter@15.7.0/node_modules/sql-formatter/dist/esm/languages/singlestoredb/singlestoredb.formatter.js
Module Warning (from ./node_modules/.pnpm/source-map-loader@3.0.2_webpack@5.104.1/node_modules/source-map-loader/dist/cjs.js):
Failed to parse source map from '/app/frontend/node_modules/.pnpm/sql-formatter@15.7.0/node_modules/sql-formatter/src/languages/singlestoredb/singlestoredb.formatter.ts' file: Error: ENOENT: no such file or directory, open '/app/frontend/node_modules/.pnpm/sql-formatter@15.7.0/node_modules/sql-formatter/src/languages/singlestoredb/singlestoredb.formatter.ts'

WARNING in ./node_modules/.pnpm/sql-formatter@15.7.0/node_modules/sql-formatter/dist/esm/languages/singlestoredb/singlestoredb.functions.js
Module Warning (from ./node_modules/.pnpm/source-map-loader@3.0.2_webpack@5.104.1/node_modules/source-map-loader/dist/cjs.js):
Failed to parse source map from '/app/frontend/node_modules/.pnpm/sql-formatter@15.7.0/node_modules/sql-formatter/src/languages/singlestoredb/singlestoredb.functions.ts' file: Error: ENOENT: no such file or directory, open '/app/frontend/node_modules/.pnpm/sql-formatter@15.7.0/node_modules/sql-formatter/src/languages/singlestoredb/singlestoredb.functions.ts'

WARNING in ./node_modules/.pnpm/sql-formatter@15.7.0/node_modules/sql-formatter/dist/esm/languages/singlestoredb/singlestoredb.keywords.js
Module Warning (from ./node_modules/.pnpm/source-map-loader@3.0.2_webpack@5.104.1/node_modules/source-map-loader/dist/cjs.js):
Failed to parse source map from '/app/frontend/node_modules/.pnpm/sql-formatter@15.7.0/node_modules/sql-formatter/src/languages/singlestoredb/singlestoredb.keywords.ts' file: Error: ENOENT: no such file or directory, open '/app/frontend/node_modules/.pnpm/sql-formatter@15.7.0/node_modules/sql-formatter/src/languages/singlestoredb/singlestoredb.keywords.ts'

WARNING in ./node_modules/.pnpm/sql-formatter@15.7.0/node_modules/sql-formatter/dist/esm/languages/snowflake/snowflake.formatter.js
Module Warning (from ./node_modules/.pnpm/source-map-loader@3.0.2_webpack@5.104.1/node_modules/source-map-loader/dist/cjs.js):
Failed to parse source map from '/app/frontend/node_modules/.pnpm/sql-formatter@15.7.0/node_modules/sql-formatter/src/languages/snowflake/snowflake.formatter.ts' file: Error: ENOENT: no such file or directory, open '/app/frontend/node_modules/.pnpm/sql-formatter@15.7.0/node_modules/sql-formatter/src/languages/snowflake/snowflake.formatter.ts'

WARNING in ./node_modules/.pnpm/sql-formatter@15.7.0/node_modules/sql-formatter/dist/esm/languages/snowflake/snowflake.functions.js
Module Warning (from ./node_modules/.pnpm/source-map-loader@3.0.2_webpack@5.104.1/node_modules/source-map-loader/dist/cjs.js):
Failed to parse source map from '/app/frontend/node_modules/.pnpm/sql-formatter@15.7.0/node_modules/sql-formatter/src/languages/snowflake/snowflake.functions.ts' file: Error: ENOENT: no such file or directory, open '/app/frontend/node_modules/.pnpm/sql-formatter@15.7.0/node_modules/sql-formatter/src/languages/snowflake/snowflake.functions.ts'

WARNING in ./node_modules/.pnpm/sql-formatter@15.7.0/node_modules/sql-formatter/dist/esm/languages/snowflake/snowflake.keywords.js
Module Warning (from ./node_modules/.pnpm/source-map-loader@3.0.2_webpack@5.104.1/node_modules/source-map-loader/dist/cjs.js):
Failed to parse source map from '/app/frontend/node_modules/.pnpm/sql-formatter@15.7.0/node_modules/sql-formatter/src/languages/snowflake/snowflake.keywords.ts' file: Error: ENOENT: no such file or directory, open '/app/frontend/node_modules/.pnpm/sql-formatter@15.7.0/node_modules/sql-formatter/src/languages/snowflake/snowflake.keywords.ts'

WARNING in ./node_modules/.pnpm/sql-formatter@15.7.0/node_modules/sql-formatter/dist/esm/languages/spark/spark.formatter.js
Module Warning (from ./node_modules/.pnpm/source-map-loader@3.0.2_webpack@5.104.1/node_modules/source-map-loader/dist/cjs.js):
Failed to parse source map from '/app/frontend/node_modules/.pnpm/sql-formatter@15.7.0/node_modules/sql-formatter/src/languages/spark/spark.formatter.ts' file: Error: ENOENT: no such file or directory, open '/app/frontend/node_modules/.pnpm/sql-formatter@15.7.0/node_modules/sql-formatter/src/languages/spark/spark.formatter.ts'

WARNING in ./node_modules/.pnpm/sql-formatter@15.7.0/node_modules/sql-formatter/dist/esm/languages/spark/spark.functions.js
Module Warning (from ./node_modules/.pnpm/source-map-loader@3.0.2_webpack@5.104.1/node_modules/source-map-loader/dist/cjs.js):
Failed to parse source map from '/app/frontend/node_modules/.pnpm/sql-formatter@15.7.0/node_modules/sql-formatter/src/languages/spark/spark.functions.ts' file: Error: ENOENT: no such file or directory, open '/app/frontend/node_modules/.pnpm/sql-formatter@15.7.0/node_modules/sql-formatter/src/languages/spark/spark.functions.ts'

WARNING in ./node_modules/.pnpm/sql-formatter@15.7.0/node_modules/sql-formatter/dist/esm/languages/spark/spark.keywords.js
Module Warning (from ./node_modules/.pnpm/source-map-loader@3.0.2_webpack@5.104.1/node_modules/source-map-loader/dist/cjs.js):
Failed to parse source map from '/app/frontend/node_modules/.pnpm/sql-formatter@15.7.0/node_modules/sql-formatter/src/languages/spark/spark.keywords.ts' file: Error: ENOENT: no such file or directory, open '/app/frontend/node_modules/.pnpm/sql-formatter@15.7.0/node_modules/sql-formatter/src/languages/spark/spark.keywords.ts'

WARNING in ./node_modules/.pnpm/sql-formatter@15.7.0/node_modules/sql-formatter/dist/esm/languages/sql/sql.formatter.js
Module Warning (from ./node_modules/.pnpm/source-map-loader@3.0.2_webpack@5.104.1/node_modules/source-map-loader/dist/cjs.js):
Failed to parse source map from '/app/frontend/node_modules/.pnpm/sql-formatter@15.7.0/node_modules/sql-formatter/src/languages/sql/sql.formatter.ts' file: Error: ENOENT: no such file or directory, open '/app/frontend/node_modules/.pnpm/sql-formatter@15.7.0/node_modules/sql-formatter/src/languages/sql/sql.formatter.ts'

WARNING in ./node_modules/.pnpm/sql-formatter@15.7.0/node_modules/sql-formatter/dist/esm/languages/sql/sql.functions.js
Module Warning (from ./node_modules/.pnpm/source-map-loader@3.0.2_webpack@5.104.1/node_modules/source-map-loader/dist/cjs.js):
Failed to parse source map from '/app/frontend/node_modules/.pnpm/sql-formatter@15.7.0/node_modules/sql-formatter/src/languages/sql/sql.functions.ts' file: Error: ENOENT: no such file or directory, open '/app/frontend/node_modules/.pnpm/sql-formatter@15.7.0/node_modules/sql-formatter/src/languages/sql/sql.functions.ts'

WARNING in ./node_modules/.pnpm/sql-formatter@15.7.0/node_modules/sql-formatter/dist/esm/languages/sql/sql.keywords.js
Module Warning (from ./node_modules/.pnpm/source-map-loader@3.0.2_webpack@5.104.1/node_modules/source-map-loader/dist/cjs.js):
Failed to parse source map from '/app/frontend/node_modules/.pnpm/sql-formatter@15.7.0/node_modules/sql-formatter/src/languages/sql/sql.keywords.ts' file: Error: ENOENT: no such file or directory, open '/app/frontend/node_modules/.pnpm/sql-formatter@15.7.0/node_modules/sql-formatter/src/languages/sql/sql.keywords.ts'

WARNING in ./node_modules/.pnpm/sql-formatter@15.7.0/node_modules/sql-formatter/dist/esm/languages/sqlite/sqlite.formatter.js
Module Warning (from ./node_modules/.pnpm/source-map-loader@3.0.2_webpack@5.104.1/node_modules/source-map-loader/dist/cjs.js):
Failed to parse source map from '/app/frontend/node_modules/.pnpm/sql-formatter@15.7.0/node_modules/sql-formatter/src/languages/sqlite/sqlite.formatter.ts' file: Error: ENOENT: no such file or directory, open '/app/frontend/node_modules/.pnpm/sql-formatter@15.7.0/node_modules/sql-formatter/src/languages/sqlite/sqlite.formatter.ts'

WARNING in ./node_modules/.pnpm/sql-formatter@15.7.0/node_modules/sql-formatter/dist/esm/languages/sqlite/sqlite.functions.js
Module Warning (from ./node_modules/.pnpm/source-map-loader@3.0.2_webpack@5.104.1/node_modules/source-map-loader/dist/cjs.js):
Failed to parse source map from '/app/frontend/node_modules/.pnpm/sql-formatter@15.7.0/node_modules/sql-formatter/src/languages/sqlite/sqlite.functions.ts' file: Error: ENOENT: no such file or directory, open '/app/frontend/node_modules/.pnpm/sql-formatter@15.7.0/node_modules/sql-formatter/src/languages/sqlite/sqlite.functions.ts'

WARNING in ./node_modules/.pnpm/sql-formatter@15.7.0/node_modules/sql-formatter/dist/esm/languages/sqlite/sqlite.keywords.js
Module Warning (from ./node_modules/.pnpm/source-map-loader@3.0.2_webpack@5.104.1/node_modules/source-map-loader/dist/cjs.js):
Failed to parse source map from '/app/frontend/node_modules/.pnpm/sql-formatter@15.7.0/node_modules/sql-formatter/src/languages/sqlite/sqlite.keywords.ts' file: Error: ENOENT: no such file or directory, open '/app/frontend/node_modules/.pnpm/sql-formatter@15.7.0/node_modules/sql-formatter/src/languages/sqlite/sqlite.keywords.ts'

WARNING in ./node_modules/.pnpm/sql-formatter@15.7.0/node_modules/sql-formatter/dist/esm/languages/tidb/tidb.formatter.js
Module Warning (from ./node_modules/.pnpm/source-map-loader@3.0.2_webpack@5.104.1/node_modules/source-map-loader/dist/cjs.js):
Failed to parse source map from '/app/frontend/node_modules/.pnpm/sql-formatter@15.7.0/node_modules/sql-formatter/src/languages/tidb/tidb.formatter.ts' file: Error: ENOENT: no such file or directory, open '/app/frontend/node_modules/.pnpm/sql-formatter@15.7.0/node_modules/sql-formatter/src/languages/tidb/tidb.formatter.ts'

WARNING in ./node_modules/.pnpm/sql-formatter@15.7.0/node_modules/sql-formatter/dist/esm/languages/tidb/tidb.functions.js
Module Warning (from ./node_modules/.pnpm/source-map-loader@3.0.2_webpack@5.104.1/node_modules/source-map-loader/dist/cjs.js):
Failed to parse source map from '/app/frontend/node_modules/.pnpm/sql-formatter@15.7.0/node_modules/sql-formatter/src/languages/tidb/tidb.functions.ts' file: Error: ENOENT: no such file or directory, open '/app/frontend/node_modules/.pnpm/sql-formatter@15.7.0/node_modules/sql-formatter/src/languages/tidb/tidb.functions.ts'

WARNING in ./node_modules/.pnpm/sql-formatter@15.7.0/node_modules/sql-formatter/dist/esm/languages/tidb/tidb.keywords.js
Module Warning (from ./node_modules/.pnpm/source-map-loader@3.0.2_webpack@5.104.1/node_modules/source-map-loader/dist/cjs.js):
Failed to parse source map from '/app/frontend/node_modules/.pnpm/sql-formatter@15.7.0/node_modules/sql-formatter/src/languages/tidb/tidb.keywords.ts' file: Error: ENOENT: no such file or directory, open '/app/frontend/node_modules/.pnpm/sql-formatter@15.7.0/node_modules/sql-formatter/src/languages/tidb/tidb.keywords.ts'

WARNING in ./node_modules/.pnpm/sql-formatter@15.7.0/node_modules/sql-formatter/dist/esm/languages/transactsql/transactsql.formatter.js
Module Warning (from ./node_modules/.pnpm/source-map-loader@3.0.2_webpack@5.104.1/node_modules/source-map-loader/dist/cjs.js):
Failed to parse source map from '/app/frontend/node_modules/.pnpm/sql-formatter@15.7.0/node_modules/sql-formatter/src/languages/transactsql/transactsql.formatter.ts' file: Error: ENOENT: no such file or directory, open '/app/frontend/node_modules/.pnpm/sql-formatter@15.7.0/node_modules/sql-formatter/src/languages/transactsql/transactsql.formatter.ts'

WARNING in ./node_modules/.pnpm/sql-formatter@15.7.0/node_modules/sql-formatter/dist/esm/languages/transactsql/transactsql.functions.js
Module Warning (from ./node_modules/.pnpm/source-map-loader@3.0.2_webpack@5.104.1/node_modules/source-map-loader/dist/cjs.js):
Failed to parse source map from '/app/frontend/node_modules/.pnpm/sql-formatter@15.7.0/node_modules/sql-formatter/src/languages/transactsql/transactsql.functions.ts' file: Error: ENOENT: no such file or directory, open '/app/frontend/node_modules/.pnpm/sql-formatter@15.7.0/node_modules/sql-formatter/src/languages/transactsql/transactsql.functions.ts'

WARNING in ./node_modules/.pnpm/sql-formatter@15.7.0/node_modules/sql-formatter/dist/esm/languages/transactsql/transactsql.keywords.js
Module Warning (from ./node_modules/.pnpm/source-map-loader@3.0.2_webpack@5.104.1/node_modules/source-map-loader/dist/cjs.js):
Failed to parse source map from '/app/frontend/node_modules/.pnpm/sql-formatter@15.7.0/node_modules/sql-formatter/src/languages/transactsql/transactsql.keywords.ts' file: Error: ENOENT: no such file or directory, open '/app/frontend/node_modules/.pnpm/sql-formatter@15.7.0/node_modules/sql-formatter/src/languages/transactsql/transactsql.keywords.ts'

WARNING in ./node_modules/.pnpm/sql-formatter@15.7.0/node_modules/sql-formatter/dist/esm/languages/trino/trino.formatter.js
Module Warning (from ./node_modules/.pnpm/source-map-loader@3.0.2_webpack@5.104.1/node_modules/source-map-loader/dist/cjs.js):
Failed to parse source map from '/app/frontend/node_modules/.pnpm/sql-formatter@15.7.0/node_modules/sql-formatter/src/languages/trino/trino.formatter.ts' file: Error: ENOENT: no such file or directory, open '/app/frontend/node_modules/.pnpm/sql-formatter@15.7.0/node_modules/sql-formatter/src/languages/trino/trino.formatter.ts'

WARNING in ./node_modules/.pnpm/sql-formatter@15.7.0/node_modules/sql-formatter/dist/esm/languages/trino/trino.functions.js
Module Warning (from ./node_modules/.pnpm/source-map-loader@3.0.2_webpack@5.104.1/node_modules/source-map-loader/dist/cjs.js):
Failed to parse source map from '/app/frontend/node_modules/.pnpm/sql-formatter@15.7.0/node_modules/sql-formatter/src/languages/trino/trino.functions.ts' file: Error: ENOENT: no such file or directory, open '/app/frontend/node_modules/.pnpm/sql-formatter@15.7.0/node_modules/sql-formatter/src/languages/trino/trino.functions.ts'

WARNING in ./node_modules/.pnpm/sql-formatter@15.7.0/node_modules/sql-formatter/dist/esm/languages/trino/trino.keywords.js
Module Warning (from ./node_modules/.pnpm/source-map-loader@3.0.2_webpack@5.104.1/node_modules/source-map-loader/dist/cjs.js):
Failed to parse source map from '/app/frontend/node_modules/.pnpm/sql-formatter@15.7.0/node_modules/sql-formatter/src/languages/trino/trino.keywords.ts' file: Error: ENOENT: no such file or directory, open '/app/frontend/node_modules/.pnpm/sql-formatter@15.7.0/node_modules/sql-formatter/src/languages/trino/trino.keywords.ts'

WARNING in ./node_modules/.pnpm/sql-formatter@15.7.0/node_modules/sql-formatter/dist/esm/lexer/NestedComment.js
Module Warning (from ./node_modules/.pnpm/source-map-loader@3.0.2_webpack@5.104.1/node_modules/source-map-loader/dist/cjs.js):
Failed to parse source map from '/app/frontend/node_modules/.pnpm/sql-formatter@15.7.0/node_modules/sql-formatter/src/lexer/NestedComment.ts' file: Error: ENOENT: no such file or directory, open '/app/frontend/node_modules/.pnpm/sql-formatter@15.7.0/node_modules/sql-formatter/src/lexer/NestedComment.ts'

WARNING in ./node_modules/.pnpm/sql-formatter@15.7.0/node_modules/sql-formatter/dist/esm/lexer/Tokenizer.js
Module Warning (from ./node_modules/.pnpm/source-map-loader@3.0.2_webpack@5.104.1/node_modules/source-map-loader/dist/cjs.js):
Failed to parse source map from '/app/frontend/node_modules/.pnpm/sql-formatter@15.7.0/node_modules/sql-formatter/src/lexer/Tokenizer.ts' file: Error: ENOENT: no such file or directory, open '/app/frontend/node_modules/.pnpm/sql-formatter@15.7.0/node_modules/sql-formatter/src/lexer/Tokenizer.ts'

WARNING in ./node_modules/.pnpm/sql-formatter@15.7.0/node_modules/sql-formatter/dist/esm/lexer/TokenizerEngine.js
Module Warning (from ./node_modules/.pnpm/source-map-loader@3.0.2_webpack@5.104.1/node_modules/source-map-loader/dist/cjs.js):
Failed to parse source map from '/app/frontend/node_modules/.pnpm/sql-formatter@15.7.0/node_modules/sql-formatter/src/lexer/TokenizerEngine.ts' file: Error: ENOENT: no such file or directory, open '/app/frontend/node_modules/.pnpm/sql-formatter@15.7.0/node_modules/sql-formatter/src/lexer/TokenizerEngine.ts'

WARNING in ./node_modules/.pnpm/sql-formatter@15.7.0/node_modules/sql-formatter/dist/esm/lexer/disambiguateTokens.js
Module Warning (from ./node_modules/.pnpm/source-map-loader@3.0.2_webpack@5.104.1/node_modules/source-map-loader/dist/cjs.js):
Failed to parse source map from '/app/frontend/node_modules/.pnpm/sql-formatter@15.7.0/node_modules/sql-formatter/src/lexer/disambiguateTokens.ts' file: Error: ENOENT: no such file or directory, open '/app/frontend/node_modules/.pnpm/sql-formatter@15.7.0/node_modules/sql-formatter/src/lexer/disambiguateTokens.ts'

WARNING in ./node_modules/.pnpm/sql-formatter@15.7.0/node_modules/sql-formatter/dist/esm/lexer/lineColFromIndex.js
Module Warning (from ./node_modules/.pnpm/source-map-loader@3.0.2_webpack@5.104.1/node_modules/source-map-loader/dist/cjs.js):
Failed to parse source map from '/app/frontend/node_modules/.pnpm/sql-formatter@15.7.0/node_modules/sql-formatter/src/lexer/lineColFromIndex.ts' file: Error: ENOENT: no such file or directory, open '/app/frontend/node_modules/.pnpm/sql-formatter@15.7.0/node_modules/sql-formatter/src/lexer/lineColFromIndex.ts'

WARNING in ./node_modules/.pnpm/sql-formatter@15.7.0/node_modules/sql-formatter/dist/esm/lexer/regexFactory.js
Module Warning (from ./node_modules/.pnpm/source-map-loader@3.0.2_webpack@5.104.1/node_modules/source-map-loader/dist/cjs.js):
Failed to parse source map from '/app/frontend/node_modules/.pnpm/sql-formatter@15.7.0/node_modules/sql-formatter/src/lexer/regexFactory.ts' file: Error: ENOENT: no such file or directory, open '/app/frontend/node_modules/.pnpm/sql-formatter@15.7.0/node_modules/sql-formatter/src/lexer/regexFactory.ts'

WARNING in ./node_modules/.pnpm/sql-formatter@15.7.0/node_modules/sql-formatter/dist/esm/lexer/regexUtil.js
Module Warning (from ./node_modules/.pnpm/source-map-loader@3.0.2_webpack@5.104.1/node_modules/source-map-loader/dist/cjs.js):
Failed to parse source map from '/app/frontend/node_modules/.pnpm/sql-formatter@15.7.0/node_modules/sql-formatter/src/lexer/regexUtil.ts' file: Error: ENOENT: no such file or directory, open '/app/frontend/node_modules/.pnpm/sql-formatter@15.7.0/node_modules/sql-formatter/src/lexer/regexUtil.ts'

WARNING in ./node_modules/.pnpm/sql-formatter@15.7.0/node_modules/sql-formatter/dist/esm/lexer/token.js
Module Warning (from ./node_modules/.pnpm/source-map-loader@3.0.2_webpack@5.104.1/node_modules/source-map-loader/dist/cjs.js):
Failed to parse source map from '/app/frontend/node_modules/.pnpm/sql-formatter@15.7.0/node_modules/sql-formatter/src/lexer/token.ts' file: Error: ENOENT: no such file or directory, open '/app/frontend/node_modules/.pnpm/sql-formatter@15.7.0/node_modules/sql-formatter/src/lexer/token.ts'

WARNING in ./node_modules/.pnpm/sql-formatter@15.7.0/node_modules/sql-formatter/dist/esm/parser/LexerAdapter.js
Module Warning (from ./node_modules/.pnpm/source-map-loader@3.0.2_webpack@5.104.1/node_modules/source-map-loader/dist/cjs.js):
Failed to parse source map from '/app/frontend/node_modules/.pnpm/sql-formatter@15.7.0/node_modules/sql-formatter/src/parser/LexerAdapter.ts' file: Error: ENOENT: no such file or directory, open '/app/frontend/node_modules/.pnpm/sql-formatter@15.7.0/node_modules/sql-formatter/src/parser/LexerAdapter.ts'

WARNING in ./node_modules/.pnpm/sql-formatter@15.7.0/node_modules/sql-formatter/dist/esm/parser/ast.js
Module Warning (from ./node_modules/.pnpm/source-map-loader@3.0.2_webpack@5.104.1/node_modules/source-map-loader/dist/cjs.js):
Failed to parse source map from '/app/frontend/node_modules/.pnpm/sql-formatter@15.7.0/node_modules/sql-formatter/src/parser/ast.ts' file: Error: ENOENT: no such file or directory, open '/app/frontend/node_modules/.pnpm/sql-formatter@15.7.0/node_modules/sql-formatter/src/parser/ast.ts'

WARNING in ./node_modules/.pnpm/sql-formatter@15.7.0/node_modules/sql-formatter/dist/esm/parser/createParser.js
Module Warning (from ./node_modules/.pnpm/source-map-loader@3.0.2_webpack@5.104.1/node_modules/source-map-loader/dist/cjs.js):
Failed to parse source map from '/app/frontend/node_modules/.pnpm/sql-formatter@15.7.0/node_modules/sql-formatter/src/parser/createParser.ts' file: Error: ENOENT: no such file or directory, open '/app/frontend/node_modules/.pnpm/sql-formatter@15.7.0/node_modules/sql-formatter/src/parser/createParser.ts'

WARNING in ./node_modules/.pnpm/sql-formatter@15.7.0/node_modules/sql-formatter/dist/esm/parser/grammar.js
Module Warning (from ./node_modules/.pnpm/source-map-loader@3.0.2_webpack@5.104.1/node_modules/source-map-loader/dist/cjs.js):
Failed to parse source map from '/app/frontend/node_modules/.pnpm/sql-formatter@15.7.0/node_modules/sql-formatter/src/parser/grammar.ts' file: Error: ENOENT: no such file or directory, open '/app/frontend/node_modules/.pnpm/sql-formatter@15.7.0/node_modules/sql-formatter/src/parser/grammar.ts'

WARNING in ./node_modules/.pnpm/sql-formatter@15.7.0/node_modules/sql-formatter/dist/esm/sqlFormatter.js
Module Warning (from ./node_modules/.pnpm/source-map-loader@3.0.2_webpack@5.104.1/node_modules/source-map-loader/dist/cjs.js):
Failed to parse source map from '/app/frontend/node_modules/.pnpm/sql-formatter@15.7.0/node_modules/sql-formatter/src/sqlFormatter.ts' file: Error: ENOENT: no such file or directory, open '/app/frontend/node_modules/.pnpm/sql-formatter@15.7.0/node_modules/sql-formatter/src/sqlFormatter.ts'

WARNING in ./node_modules/.pnpm/sql-formatter@15.7.0/node_modules/sql-formatter/dist/esm/utils.js
Module Warning (from ./node_modules/.pnpm/source-map-loader@3.0.2_webpack@5.104.1/node_modules/source-map-loader/dist/cjs.js):
Failed to parse source map from '/app/frontend/node_modules/.pnpm/sql-formatter@15.7.0/node_modules/sql-formatter/src/utils.ts' file: Error: ENOENT: no such file or directory, open '/app/frontend/node_modules/.pnpm/sql-formatter@15.7.0/node_modules/sql-formatter/src/utils.ts'

WARNING in ./node_modules/.pnpm/sql-formatter@15.7.0/node_modules/sql-formatter/dist/esm/validateConfig.js
Module Warning (from ./node_modules/.pnpm/source-map-loader@3.0.2_webpack@5.104.1/node_modules/source-map-loader/dist/cjs.js):
Failed to parse source map from '/app/frontend/node_modules/.pnpm/sql-formatter@15.7.0/node_modules/sql-formatter/src/validateConfig.ts' file: Error: ENOENT: no such file or directory, open '/app/frontend/node_modules/.pnpm/sql-formatter@15.7.0/node_modules/sql-formatter/src/validateConfig.ts'

ERROR in [eslint] Invalid Options:
- Unknown options: extensions, resolvePluginsRelativeTo
- 'extensions' has been removed.
- 'resolvePluginsRelativeTo' has been removed.

ERROR in Error: Child compilation failed:
  [eslint] Invalid Options:
  - Unknown options: extensions, resolvePluginsRelativeTo
  - 'extensions' has been removed.
  - 'resolvePluginsRelativeTo' has been removed.

  - child-compiler.js:211
    [frontend]/[html-webpack-plugin@5.6.6_webpack@5.104.1]/[html-webpack-plugin]    /lib/child-compiler.js:211:18

  - Compiler.js:648 finalCallback
    [frontend]/[webpack@5.104.1]/[webpack]/lib/Compiler.js:648:5

  - Compiler.js:684
    [frontend]/[webpack@5.104.1]/[webpack]/lib/Compiler.js:684:11

  - Compiler.js:1378
    [frontend]/[webpack@5.104.1]/[webpack]/lib/Compiler.js:1378:17


  - Hook.js:21 Hook.CALL_ASYNC_DELEGATE [as _callAsync]
    [frontend]/[tapable@2.3.0]/[tapable]/lib/Hook.js:21:14

  - Compiler.js:1374
    [frontend]/[webpack@5.104.1]/[webpack]/lib/Compiler.js:1374:33

  - Compilation.js:3169 finalCallback
    [frontend]/[webpack@5.104.1]/[webpack]/lib/Compilation.js:3169:11

  - Compilation.js:3505
    [frontend]/[webpack@5.104.1]/[webpack]/lib/Compilation.js:3505:11


  - Hook.js:21 Hook.CALL_ASYNC_DELEGATE [as _callAsync]
    [frontend]/[tapable@2.3.0]/[tapable]/lib/Hook.js:21:14

  - Compilation.js:3498
    [frontend]/[webpack@5.104.1]/[webpack]/lib/Compilation.js:3498:38


  - Compilation.js:648
    [frontend]/[webpack@5.104.1]/[webpack]/lib/Compilation.js:648:11

  - SourceMapDevToolPlugin.js:620
    [frontend]/[webpack@5.104.1]/[webpack]/lib/SourceMapDevToolPlugin.js:620:10

  - async.js:2830
    [frontend]/[neo-async@2.6.2]/[neo-async]/async.js:2830:7

  - async.js:2857 Object.each
    [frontend]/[neo-async@2.6.2]/[neo-async]/async.js:2857:9

  - SourceMapDevToolPlugin.js:416
    [frontend]/[webpack@5.104.1]/[webpack]/lib/SourceMapDevToolPlugin.js:416:17

  - async.js:2830
    [frontend]/[neo-async@2.6.2]/[neo-async]/async.js:2830:7

  - async.js:2857 Object.each
    [frontend]/[neo-async@2.6.2]/[neo-async]/async.js:2857:9

  - SourceMapDevToolPlugin.js:222
    [frontend]/[webpack@5.104.1]/[webpack]/lib/SourceMapDevToolPlugin.js:222:15

  - Compilation.js:629 fn
    [frontend]/[webpack@5.104.1]/[webpack]/lib/Compilation.js:629:9



  - Compilation.js:600 fn
    [frontend]/[webpack@5.104.1]/[webpack]/lib/Compilation.js:600:9


  - Hook.js:21 Hook.CALL_ASYNC_DELEGATE [as _callAsync]
    [frontend]/[tapable@2.3.0]/[tapable]/lib/Hook.js:21:14

  - Compilation.js:3462 cont
    [frontend]/[webpack@5.104.1]/[webpack]/lib/Compilation.js:3462:34

  - Compilation.js:3518
    [frontend]/[webpack@5.104.1]/[webpack]/lib/Compilation.js:3518:10

  - async.js:3485 symbolIterator
    [frontend]/[neo-async@2.6.2]/[neo-async]/async.js:3485:9

  - async.js:3527 done
    [frontend]/[neo-async@2.6.2]/[neo-async]/async.js:3527:9

  - async.js:2830
    [frontend]/[neo-async@2.6.2]/[neo-async]/async.js:2830:7

  - async.js:2865 done
    [frontend]/[neo-async@2.6.2]/[neo-async]/async.js:2865:11

  - async.js:2818
    [frontend]/[neo-async@2.6.2]/[neo-async]/async.js:2818:7

  - Compilation.js:5172
    [frontend]/[webpack@5.104.1]/[webpack]/lib/Compilation.js:5172:10

  - Cache.js:100
    [frontend]/[webpack@5.104.1]/[webpack]/lib/Cache.js:100:5


  - Cache.js:82 Cache.get
    [frontend]/[webpack@5.104.1]/[webpack]/lib/Cache.js:82:18

  - CacheFacade.js:115 ItemCacheFacade.get
    [frontend]/[webpack@5.104.1]/[webpack]/lib/CacheFacade.js:115:15

  - Compilation.js:5071
    [frontend]/[webpack@5.104.1]/[webpack]/lib/Compilation.js:5071:22

  - async.js:2405 arrayEach
    [frontend]/[neo-async@2.6.2]/[neo-async]/async.js:2405:9

  - async.js:2846 Object.each
    [frontend]/[neo-async@2.6.2]/[neo-async]/async.js:2846:9

  - Compilation.js:5060
    [frontend]/[webpack@5.104.1]/[webpack]/lib/Compilation.js:5060:14

  - async.js:3482 symbolIterator
    [frontend]/[neo-async@2.6.2]/[neo-async]/async.js:3482:9

  - async.js:2297 timesSync
    [frontend]/[neo-async@2.6.2]/[neo-async]/async.js:2297:7

  - async.js:3463 Object.eachLimit
    [frontend]/[neo-async@2.6.2]/[neo-async]/async.js:3463:5

  - Compilation.js:5033 Compilation.createChunkAssets
    [frontend]/[webpack@5.104.1]/[webpack]/lib/Compilation.js:5033:12

  - Compilation.js:3513
    [frontend]/[webpack@5.104.1]/[webpack]/lib/Compilation.js:3513:14

  - Compilation.js:3705
    [frontend]/[webpack@5.104.1]/[webpack]/lib/Compilation.js:3705:6

  - async.js:2818
    [frontend]/[neo-async@2.6.2]/[neo-async]/async.js:2818:7

1 ERROR in child compilations (Use 'stats.children: true' resp. '--stats-children' for more details)
webpack compiled with 3 errors and 88 warnings
 ELIFECYCLE  Command failed.
